_Id,_CreationDate,_PostId,_RelatedPostId,_LinkTypeId
130,2012-05-02T08:44:28.547,71,34,1
164,2012-05-02T09:35:48.803,64,34,1
426,2012-05-02T15:06:02.260,99,34,1
484,2012-05-02T16:34:52.877,85,106,1
493,2012-05-02T20:00:29.927,130,59,1
1089,2012-05-04T01:23:55.453,94,132,1
1171,2012-05-04T02:36:29.597,182,130,1
1514,2012-05-05T06:43:38.540,285,274,1
1565,2012-05-06T16:40:39.513,269,229,1
1566,2012-05-06T19:40:16.017,218,21,1
1747,2012-05-09T01:10:19.837,327,4,1
1891,2012-05-09T22:13:04.250,339,305,1
1892,2012-05-10T15:18:22.077,339,251,1
2672,2012-05-13T01:22:14.537,397,414,1
2839,2012-05-15T04:11:56.730,438,346,1
2959,2012-05-15T18:53:01.180,441,181,1
2985,2012-05-16T00:07:06.253,452,34,1
3067,2012-05-16T04:52:59.603,361,329,1
3292,2012-05-17T15:07:54.020,487,442,1
3805,2012-05-21T14:22:21.900,522,510,1
4362,2012-05-26T19:23:29.377,650,576,1
4696,2012-05-30T13:13:31.730,676,106,1
5140,2012-06-01T12:31:21.890,270,25,1
6180,2012-06-05T13:59:27.887,730,725,1
6352,2012-06-07T00:18:57.647,442,487,1
6935,2012-06-11T15:06:53.790,730,808,1
6936,2012-06-11T15:09:06.940,808,730,1
7661,2012-06-12T02:08:49.520,811,486,1
8004,2012-06-13T15:15:55.777,848,749,1
8215,2012-06-13T18:29:53.467,702,346,1
8404,2012-06-14T08:22:58.230,863,728,1
8870,2012-06-17T14:47:25.543,909,494,1
9464,2012-06-26T12:19:16.267,963,676,1
9465,2012-06-26T12:19:16.267,963,941,1
9743,2012-06-30T16:39:25.853,982,979,1
10241,2012-07-07T02:38:05.270,1003,137,1
11432,2012-07-16T22:01:26.757,1043,588,1
11477,2012-07-17T13:36:08.733,1050,1048,1
11503,2012-07-17T13:38:16.580,1048,1050,1
11595,2012-07-20T01:35:27.153,1066,1063,1
11956,2012-07-24T15:18:40.640,1107,823,1
12034,2012-07-26T20:29:57.577,1107,1030,1
12109,2012-07-27T13:21:56.160,1119,327,1
12155,2012-07-29T02:04:25.067,1136,137,1
12411,2012-08-01T15:32:53.353,1167,1103,1
12439,2012-08-01T15:57:12.763,1167,1107,1
12440,2012-08-01T18:59:42.153,1167,329,1
12557,2012-08-03T15:11:19.187,1181,1172,1
12608,2012-08-03T19:23:14.677,1172,1181,1
12808,2012-08-08T02:01:59.470,1204,1143,1
13442,2012-08-16T17:46:14.243,1218,686,1
13770,2012-08-20T12:20:29.497,1238,1239,1
13878,2012-08-21T21:40:29.157,1251,1103,1
13989,2012-08-23T20:14:20.913,1263,218,1
14089,2012-08-27T15:59:25.293,361,1107,1
14189,2012-08-28T23:42:49.343,1274,188,1
14591,2012-09-06T03:51:22.227,1309,1103,1
14746,2012-09-08T16:22:37.930,1315,397,1
14904,2012-09-10T20:38:06.303,427,494,1
15452,2012-09-16T23:43:50.063,1352,188,1
16278,2012-10-05T18:05:26.600,1399,1270,1
16468,2012-10-10T23:19:28.770,361,1390,1
16469,2012-10-10T23:41:02.363,1410,239,1
18975,2012-11-09T21:47:20.737,1494,4,1
19371,2012-11-13T17:06:41.767,1506,1482,1
19579,2012-11-17T23:45:33.190,221,75,1
19580,2012-11-17T23:46:40.223,221,227,1
19581,2012-11-17T23:48:18.360,227,221,1
20154,2012-12-01T01:00:14.243,1567,1122,1
20211,2012-12-01T15:51:47.493,1302,1569,1
20345,2012-12-03T14:23:43.410,1583,59,1
20409,2012-12-05T00:04:26.187,1585,487,1
20410,2012-12-05T01:21:20.160,162,749,1
20411,2012-12-05T01:45:52.473,749,162,1
20700,2012-12-06T16:54:42.390,1611,1354,1
21096,2012-12-11T18:21:56.950,1608,1609,1
21388,2012-12-16T13:55:25.987,1652,1608,1
21423,2012-12-16T16:56:10.147,1519,76,1
21676,2012-12-21T05:04:07.430,1673,1636,1
21827,2012-12-24T00:21:09.707,1682,863,1
21828,2012-12-24T00:23:44.743,1682,728,1
22089,2012-12-28T19:31:07.840,1706,1335,1
22488,2012-12-30T07:56:44.307,1720,1707,1
23406,2013-01-03T22:43:02.810,1731,583,1
23494,2013-01-04T17:50:55.647,1743,1672,1
24064,2013-01-08T18:38:39.633,1790,1335,1
26727,2013-01-15T20:38:45.857,1855,1569,1
26878,2013-01-17T05:23:54.140,1817,1864,1
27083,2013-01-17T19:53:42.187,1876,322,1
27185,2013-01-18T12:07:13.707,1884,1569,1
29127,2013-02-05T23:47:21.440,1970,210,1
29128,2013-02-05T23:47:21.440,1970,1416,1
29129,2013-02-05T23:47:21.440,1970,1720,1
29219,2013-02-08T01:13:29.967,1960,75,1
30286,2013-02-18T03:03:38.443,64,34,3
30287,2013-02-18T03:03:38.443,1238,1239,3
30288,2013-02-18T03:03:38.443,1583,59,3
30355,2013-02-18T17:41:28.213,2033,1251,1
30434,2013-02-19T19:28:11.860,2038,322,1
30435,2013-02-19T20:18:27.427,2038,1876,1
30644,2013-02-22T05:58:55.040,2052,1103,1
31020,2013-03-01T11:50:57.753,2074,1820,1
31384,2013-03-07T02:38:11.513,2097,1074,1
32745,2013-04-12T01:36:03.927,2273,607,1
33078,2013-04-28T21:45:26.690,2325,2281,1
33103,2013-04-29T21:10:09.480,2325,327,1
33114,2013-04-30T05:45:47.837,2316,2204,1
33116,2013-04-30T05:45:56.727,2316,2204,3
33483,2013-05-10T14:58:45.573,2381,106,1
33512,2013-05-11T16:47:26.410,2364,590,1
34135,2013-06-05T08:41:42.777,2424,1515,1
34460,2013-06-14T23:48:15.087,2482,427,1
34461,2013-06-14T23:48:15.087,2482,494,1
34646,2013-06-24T09:51:18.083,2498,2431,1
34726,2013-06-27T06:02:16.127,2508,1494,1
34749,2013-06-27T13:35:32.547,2515,758,1
34781,2013-06-28T12:34:17.730,2521,80,3
34851,2013-06-30T21:20:26.520,2500,2426,1
34873,2013-07-01T22:42:24.790,2500,8,1
35008,2013-07-07T13:29:59.157,2542,2422,1
35316,2013-07-20T15:11:34.847,2577,251,1
35317,2013-07-20T15:11:34.847,2577,1025,1
35318,2013-07-20T15:11:34.847,2577,940,1
35319,2013-07-20T15:11:34.847,2577,1916,1
35320,2013-07-20T15:11:34.847,2577,588,1
35321,2013-07-20T15:11:34.847,2577,474,1
35322,2013-07-20T15:11:34.847,2577,2284,1
35428,2013-07-23T12:08:16.373,2584,1003,1
35680,2013-08-01T18:23:57.530,2650,2643,1
35739,2013-08-03T18:54:59.667,2662,1009,1
35742,2013-08-03T20:50:18.157,2660,80,1
36087,2013-08-14T00:24:34.590,2711,2708,1
36511,2013-08-30T11:05:07.507,2761,891,1
36591,2013-09-03T05:01:50.310,2758,2275,1
36719,2013-09-06T23:46:43.977,2793,239,1
36778,2013-09-08T14:27:36.740,2806,351,1
36874,2013-09-10T13:08:08.053,2695,2492,1
37035,2013-09-13T15:46:48.233,2839,2835,1
37091,2013-09-16T03:07:56.820,2848,1567,1
37238,2013-09-22T00:48:36.510,2868,2860,1
37517,2013-10-03T03:08:32.537,2901,1408,1
37518,2013-10-03T03:08:32.537,2901,2526,1
37519,2013-10-03T03:08:32.537,2901,2836,1
37779,2013-10-11T03:29:53.183,2937,94,1
37780,2013-10-11T03:29:53.183,2937,1878,1
37781,2013-10-11T03:29:53.183,2937,2929,1
37782,2013-10-11T03:29:53.183,2937,571,1
37820,2013-10-11T18:35:14.320,2939,1515,1
38956,2013-10-14T19:53:01.000,3958,2893,1
39010,2013-10-15T19:08:50.683,3966,2348,1
39059,2013-10-17T17:55:33.323,2777,1817,1
39083,2013-10-18T03:50:49.073,3966,2348,3
39109,2013-10-19T10:34:02.467,3985,3978,1
39206,2013-10-22T20:57:10.080,4001,234,1
39369,2013-10-29T21:33:51.913,2810,662,1
40873,2013-11-15T14:36:20.310,4097,2569,1
41060,2013-11-22T09:49:16.380,4131,4123,1
41332,2013-12-02T20:45:32.373,4128,4123,1
41351,2013-12-02T22:43:54.347,4232,4155,1
41370,2013-12-03T15:08:15.157,4234,2031,1
41391,2013-12-03T16:38:00.987,2607,2054,1
41469,2013-12-06T13:59:38.480,4255,4132,1
41691,2013-12-11T02:14:32.083,4242,1515,1
41747,2013-12-12T06:46:29.887,4302,1708,1
41836,2013-12-15T07:56:01.447,4281,4105,1
41889,2013-12-17T02:45:07.293,4301,816,1
41914,2013-12-18T05:39:26.217,4330,188,1
42028,2013-12-21T01:49:22.247,4329,2560,1
42141,2013-12-26T13:11:51.073,4364,1983,1
42313,2013-12-30T16:05:58.330,2112,4219,1
42539,2014-01-05T15:15:26.033,4416,522,1
42590,2014-01-06T14:57:46.260,2188,1844,1
42903,2014-01-14T02:00:48.413,4472,2886,1
43022,2014-01-17T06:31:01.017,4490,2422,1
43058,2014-01-17T16:54:54.220,4492,1103,1
43150,2014-01-20T18:06:03.350,4500,1474,1
43153,2014-01-20T19:41:55.673,4514,75,1
43455,2014-01-27T16:14:38.613,4565,1515,1
43472,2014-01-27T18:50:00.573,4573,226,1
43485,2014-01-28T01:45:48.873,4578,297,1
43541,2014-01-28T14:26:57.630,4561,4128,1
43822,2014-02-03T04:36:48.577,4638,2422,1
44666,2014-02-16T01:06:33.920,4733,226,1
44808,2014-02-19T10:36:28.247,450,1372,1
44844,2014-02-20T10:44:43.007,4772,189,1
44854,2014-02-20T11:32:40.417,4774,4763,1
44885,2014-02-20T13:14:56.813,4775,2017,1
44886,2014-02-20T13:14:56.813,4775,1494,1
44887,2014-02-20T13:14:56.813,4775,2508,1
44994,2014-02-22T11:47:59.267,4787,336,1
45058,2014-02-23T08:00:56.680,4804,351,1
45336,2014-02-28T02:18:04.420,4814,4763,1
45601,2014-03-02T23:01:48.547,4893,4896,1
45818,2014-03-05T01:48:07.547,4924,4886,1
45944,2014-03-06T11:38:08.830,2662,4326,1
46283,2014-03-10T22:56:02.707,4975,883,1
46295,2014-03-10T23:14:26.400,4976,4975,1
46298,2014-03-10T23:38:24.297,4975,883,3
46392,2014-03-12T17:04:57.967,4987,1030,1
46393,2014-03-12T17:20:02.640,4992,4994,1
46420,2014-03-12T21:09:08.770,5000,1611,1
46472,2014-03-12T23:44:11.103,5007,583,1
46694,2014-03-15T15:29:46.920,5028,4963,1
46783,2014-03-16T15:40:21.947,5040,5028,1
46893,2014-03-18T07:29:32.447,5046,5023,1
46947,2014-03-19T01:45:04.317,5064,2246,1
47270,2014-03-23T18:31:47.380,5101,27,1
47325,2014-03-24T04:16:35.137,5107,2246,1
47359,2014-03-25T00:57:13.140,3985,2273,1
47364,2014-03-25T02:58:56.410,5110,1003,1
47512,2014-03-26T21:30:25.830,5056,5032,1
47559,2014-03-27T14:05:44.430,5125,1970,1
47566,2014-03-27T17:00:21.013,5125,5032,1
47567,2014-03-27T17:00:21.013,5125,5056,1
47967,2014-04-02T01:37:21.653,5158,2273,1
48122,2014-04-03T20:44:25.147,5098,4963,1
48173,2014-04-04T20:11:28.643,5176,2074,1
48267,2014-04-06T10:26:54.830,5217,5191,1
48319,2014-04-06T22:26:39.307,5225,4821,1
48479,2014-04-09T00:19:26.610,5142,251,1
48751,2014-04-12T18:40:11.440,5253,351,1
48869,2014-04-14T15:36:38.987,5271,5208,1
48920,2014-04-15T09:05:05.960,5275,2017,1
49073,2014-04-17T00:35:47.507,5287,5208,1
49250,2014-04-20T00:49:38.993,5239,5281,1
49537,2014-04-24T21:42:19.447,5356,1412,1
49718,2014-04-30T03:33:15.227,5356,4836,1
49756,2014-05-01T04:46:38.810,5287,5208,3
50138,2014-05-11T02:09:16.030,5403,5112,1
50195,2014-05-12T17:20:12.970,5450,5028,1
51569,2014-05-23T14:16:34.650,5485,4950,1
52548,2014-06-04T13:51:51.587,5537,5251,1
54897,2014-06-09T16:43:36.537,5567,5379,1
55056,2014-06-15T06:57:34.267,5592,2422,1
55202,2014-06-17T21:53:01.793,5613,5397,1
55207,2014-06-18T01:45:11.200,5613,5397,3
55263,2014-06-18T19:52:53.030,5615,2848,1
55287,2014-06-18T22:16:49.703,5621,4555,1
55319,2014-06-19T02:03:41.003,5627,5023,1
55398,2014-06-20T15:08:53.273,5635,1003,1
55416,2014-06-20T17:07:29.990,5638,5627,1
55596,2014-06-24T13:11:53.993,5199,5069,1
55686,2014-06-27T00:48:53.850,5614,5392,1
55700,2014-06-27T11:13:22.907,5681,5069,1
56244,2014-07-03T19:44:24.767,5735,1983,1
56648,2014-07-07T13:07:48.493,5771,2650,1
56662,2014-07-07T13:53:15.757,5774,5771,1
56668,2014-07-07T13:56:24.667,5771,5774,1
57176,2014-07-12T20:31:12.323,5812,663,1
57177,2014-07-12T21:13:17.430,5812,663,3
57438,2014-07-14T23:44:40.067,5830,394,1
57439,2014-07-14T23:44:40.067,5830,1960,1
57440,2014-07-14T23:44:40.067,5830,4539,1
57512,2014-07-15T21:08:57.533,5830,394,3
57517,2014-07-15T23:32:42.227,5842,2506,1
57534,2014-07-16T07:57:11.450,5843,5592,1
57556,2014-07-16T10:44:47.970,5843,5769,1
57584,2014-07-16T18:46:02.493,5848,394,1
57585,2014-07-16T18:46:02.493,5848,4539,1
57586,2014-07-16T18:46:02.493,5848,1895,1
57958,2014-07-23T15:22:37.637,5732,5239,1
58002,2014-07-24T08:40:01.250,5897,2145,1
58062,2014-07-24T23:20:37.667,2526,5281,1
58263,2014-07-29T14:44:22.453,5937,4588,1
58452,2014-07-31T23:16:08.433,5959,1010,1
58702,2014-08-04T14:09:40.190,5982,5392,1
58814,2014-08-06T13:09:06.643,5982,5929,1
58831,2014-08-06T22:23:36.903,6002,5620,1
58832,2014-08-06T22:23:36.903,6002,5594,1
58864,2014-08-07T09:22:15.770,6006,730,1
58993,2014-08-09T20:31:25.230,5942,1960,1
59071,2014-08-10T17:28:39.620,6035,1143,1
59138,2014-08-11T07:47:44.377,6046,3971,1
61892,2014-08-14T16:51:01.350,6082,2778,1
63107,2014-08-17T19:11:04.673,6115,777,1
63187,2014-08-19T10:46:04.627,6125,2596,1
63188,2014-08-19T10:46:04.627,6125,1107,1
63211,2014-08-19T19:01:44.340,6125,5994,1
63288,2014-08-20T22:29:06.243,6139,1878,1
63303,2014-08-20T23:45:39.740,6139,1878,3
63366,2014-08-21T20:01:36.323,6147,2778,1
64215,2014-09-04T17:37:40.493,6240,5023,1
64279,2014-09-05T07:51:16.920,6246,5843,1
64293,2014-09-05T14:49:39.313,6246,5843,3
64533,2014-09-12T13:49:49.610,6282,6257,1
64534,2014-09-12T16:59:12.923,6293,80,1
64785,2014-09-12T21:53:49.817,6293,80,3
65216,2014-09-15T02:34:15.637,6308,1412,3
65398,2014-09-17T08:11:24.470,6334,6219,1
65436,2014-09-18T03:06:58.557,6315,1551,1
65471,2014-09-19T13:24:24.223,6327,2506,1
65510,2014-09-20T18:22:50.107,6338,73,1
65582,2014-09-21T18:05:33.610,6149,73,1
65655,2014-09-22T21:43:11.580,6398,6300,1
65696,2014-09-23T21:04:01.550,6405,2515,1
65707,2014-09-23T22:09:06.327,6405,2515,3
65777,2014-09-25T01:06:43.513,6420,1346,1
65810,2014-09-25T18:31:36.200,6424,6420,1
65811,2014-09-25T18:32:15.587,6420,6424,1
65914,2014-09-27T20:56:27.430,6440,99,1
65926,2014-09-27T21:21:05.810,6440,99,3
66151,2014-09-29T22:13:42.527,6474,5023,1
66220,2014-09-30T21:22:58.790,6483,5022,1
66360,2014-10-03T00:19:57.180,6483,6416,1
66427,2014-10-03T23:06:39.620,6514,6114,1
66447,2014-10-04T03:56:11.117,5735,1983,3
66510,2014-10-04T12:55:15.410,6517,693,1
66520,2014-10-04T14:17:56.293,6517,693,3
66636,2014-10-05T18:31:19.717,6522,1838,1
66721,2014-10-08T00:01:48.547,6551,6386,1
66905,2014-10-11T00:14:07.010,6577,6315,1
67963,2014-10-12T17:20:53.933,7588,468,1
68595,2014-10-15T13:37:58.717,5988,6249,1
68611,2014-10-15T19:55:16.760,7611,2623,1
68613,2014-10-15T20:08:54.163,7594,2024,1
69018,2014-10-21T09:29:46.873,7654,6142,1
69099,2014-10-22T10:34:24.113,7670,6258,1
69115,2014-10-22T17:20:47.880,7675,5280,1
69513,2014-10-30T08:47:18.533,7721,2756,1
69516,2014-10-30T13:46:31.170,7721,2756,3
69823,2014-11-05T09:05:50.733,4123,4128,1
70294,2014-11-12T12:08:31.457,7781,1366,1
70359,2014-11-13T14:01:15.267,7787,4972,1
70373,2014-11-13T16:36:31.440,7787,5142,1
70374,2014-11-13T16:36:31.440,7787,251,1
70432,2014-11-14T09:11:57.567,7798,188,1
70596,2014-11-16T21:26:48.743,7800,1372,1
70829,2014-11-20T20:50:41.823,7862,7680,1
71596,2014-12-01T14:06:46.893,7970,7969,1
71608,2014-12-01T14:26:05.593,7969,7970,1
71972,2014-12-06T11:54:31.833,8015,2422,1
72006,2014-12-06T18:14:31.127,8019,7932,1
72045,2014-12-08T23:16:32.897,7977,982,1
72058,2014-12-09T08:32:23.447,8041,7735,1
72192,2014-12-11T16:13:50.410,8066,1521,1
74010,2014-12-16T16:37:09.577,7712,2895,1
74039,2014-12-16T21:38:45.563,8121,2845,1
74241,2014-12-19T17:39:35.563,8152,1997,1
74425,2014-12-22T23:06:51.663,8161,8102,1
74485,2014-12-23T14:02:11.193,8185,4565,1
74530,2014-12-24T04:38:11.263,8188,6519,1
74531,2014-12-24T04:38:11.263,8188,6451,1
74607,2014-12-24T19:51:48.207,8191,889,1
74608,2014-12-24T19:51:48.207,8191,4588,1
74702,2014-12-26T11:39:42.467,8213,8187,1
74717,2014-12-26T16:33:24.283,8210,226,1
74718,2014-12-26T18:00:52.213,8185,4565,3
75462,2015-01-06T02:49:45.637,8291,2756,1
75463,2015-01-06T05:45:46.300,8291,441,1
75508,2015-01-07T00:30:01.753,8310,5656,1
76520,2015-01-07T20:22:32.483,8315,2348,1
76605,2015-01-08T15:24:52.047,8321,2409,1
76651,2015-01-10T10:57:10.733,8331,5135,1
76843,2015-01-18T12:41:01.063,8390,4490,1
76844,2015-01-18T15:48:39.110,8390,4490,3
76859,2015-01-19T02:40:15.163,8342,351,1
76895,2015-01-19T13:24:21.660,8402,8400,1
76908,2015-01-20T13:57:33.947,8399,6059,1
76919,2015-01-20T16:23:51.943,8414,4565,1
76920,2015-01-20T16:41:21.670,8414,2348,1
76931,2015-01-20T22:31:31.137,8414,4565,3
77044,2015-01-25T23:53:14.963,8436,2348,1
77045,2015-01-25T23:53:14.963,8436,3966,1
77046,2015-01-25T23:53:14.963,8436,4565,1
77047,2015-01-25T23:53:14.963,8436,8315,1
77120,2015-01-31T12:53:10.710,2500,4931,1
77154,2015-02-01T20:56:51.450,8489,6099,1
77213,2015-02-02T14:58:16.350,8494,4099,1
77320,2015-02-09T13:57:09.433,4414,486,1
79899,2015-02-15T06:07:21.930,8536,4078,1
79971,2015-02-15T23:08:09.203,8470,2054,1
80135,2015-02-17T01:23:33.890,8588,2348,1
80138,2015-02-17T02:57:56.093,8588,4565,1
80139,2015-02-17T02:57:56.093,8588,3966,1
80140,2015-02-17T02:57:56.093,8588,8436,1
80143,2015-02-17T03:09:35.617,8588,2348,3
81638,2015-02-22T07:35:30.127,7794,5583,1
81644,2015-02-22T10:01:38.817,8630,5251,1
81885,2015-02-24T12:44:50.110,8647,4886,1
81920,2015-02-24T23:09:07.793,8647,4886,3
82395,2015-02-28T16:54:59.740,8683,2348,1
82396,2015-02-28T16:55:17.813,8683,2348,3
82594,2015-03-02T09:05:32.007,8696,7867,1
83075,2015-03-07T17:39:00.913,8736,509,1
83076,2015-03-07T19:09:55.720,8734,6442,1
83568,2015-03-12T14:40:40.043,8794,883,1
83569,2015-03-12T14:52:34.243,8794,883,3
83670,2015-03-14T14:39:14.260,8807,1624,1
83738,2015-03-16T16:54:08.167,8819,8818,1
83780,2015-03-17T10:27:49.913,8825,2284,1
83955,2015-03-20T00:01:41.840,8851,1143,1
84087,2015-03-23T10:09:55.340,8894,6508,1
84091,2015-03-23T15:10:44.743,8894,6508,3
84120,2015-03-24T02:58:09.657,8884,8892,1
84143,2015-03-24T22:24:11.947,8895,1551,1
84458,2015-04-01T16:22:17.387,6508,6034,1
84482,2015-04-02T09:08:41.527,8973,5142,1
84561,2015-04-03T10:49:13.247,9007,5009,1
84579,2015-04-03T19:59:02.547,9015,2422,1
84580,2015-04-03T20:22:27.667,9015,5592,1
84584,2015-04-03T20:35:04.857,9015,5592,3
84670,2015-04-06T23:35:20.130,9028,8848,1
85837,2015-04-16T15:16:17.453,9071,4479,1
85944,2015-04-18T03:23:35.000,9085,730,1
86212,2015-04-22T08:15:52.977,8933,650,1
86213,2015-04-22T08:20:25.347,8933,576,1
86294,2015-04-22T23:12:11.127,9118,6474,1
86346,2015-04-23T23:44:21.490,9123,808,1
86356,2015-04-24T06:27:49.177,9123,808,3
86384,2015-04-24T20:19:26.607,9123,4977,1
86603,2015-04-27T14:38:55.933,9142,4719,1
86812,2015-04-29T19:58:04.850,9156,7886,1
88134,2015-05-04T00:08:13.057,9171,8914,1
88625,2015-05-12T11:38:08.117,9229,59,1
88633,2015-05-13T09:15:04.913,9229,59,3
88737,2015-05-17T06:34:17.920,9256,5744,1
88769,2015-05-17T17:55:34.070,9270,4219,1
88885,2015-05-19T14:13:02.770,9297,1884,1
88886,2015-05-19T18:18:25.103,1811,9186,1
88969,2015-05-21T19:38:49.467,9317,2354,1
89011,2015-05-22T15:38:45.020,9309,5239,1
89017,2015-05-22T16:55:15.890,9317,2354,3
89070,2015-05-25T07:11:41.390,9354,725,1
89071,2015-05-25T07:11:54.313,9354,730,1
89102,2015-05-26T04:25:36.497,9362,1003,1
89188,2015-05-29T08:50:43.830,9375,8030,1
89189,2015-05-29T13:57:01.250,9375,8030,3
89190,2015-05-29T14:09:34.073,9362,1003,3
89351,2015-06-05T14:57:25.423,9433,6125,1
89364,2015-06-06T18:56:01.467,9433,6125,3
90470,2015-06-17T09:41:35.073,9499,5904,1
90487,2015-06-17T12:39:21.207,9499,5904,3
90567,2015-06-18T15:13:57.147,9514,2801,1
90706,2015-06-19T21:27:29.867,9520,1717,1
90911,2015-06-22T13:27:22.273,9554,2244,1
90912,2015-06-22T13:27:22.273,9554,8285,1
90954,2015-06-22T19:54:10.507,9561,8724,1
90956,2015-06-22T20:05:15.753,9561,8724,3
91080,2015-06-24T08:19:29.923,9581,1515,1
91698,2015-07-01T22:41:58.210,9638,1309,1
92128,2015-07-08T21:19:28.147,9663,4055,1
92494,2015-07-19T16:52:18.823,9779,351,1
92518,2015-07-20T13:38:39.020,9794,8229,1
92763,2015-07-28T07:38:05.940,9858,9729,1
92785,2015-07-28T18:05:42.963,9858,9729,3
92817,2015-07-29T21:37:57.880,9870,27,1
92924,2015-07-31T15:25:42.053,27,9870,1
95830,2015-08-12T01:47:03.870,10995,10993,1
95862,2015-08-12T07:59:55.973,11006,2097,1
98418,2015-08-29T13:06:41.323,11142,8472,1
98572,2015-08-30T16:08:28.200,11147,2354,1
98630,2015-08-30T22:29:41.133,11148,5702,1
98895,2015-09-01T15:28:14.543,11147,2354,3
100267,2015-09-06T02:54:26.587,12213,11106,1
100418,2015-09-09T19:40:40.163,12251,2506,1
100488,2015-09-10T11:51:41.473,12264,12253,1
100512,2015-09-11T03:54:06.123,12264,12253,3
100584,2015-09-12T04:43:15.217,12288,2641,1
100596,2015-09-12T08:29:24.480,12288,2641,3
100660,2015-09-13T08:17:53.180,12297,11182,1
100871,2015-09-19T11:23:14.003,6191,9791,1
100943,2015-09-19T16:28:10.300,12346,12246,1
101022,2015-09-20T16:33:04.663,12364,12327,1
101050,2015-09-21T08:43:08.777,12316,2793,1
101203,2015-09-24T00:25:04.230,4638,5592,1
101355,2015-09-27T17:32:23.347,12467,7657,1
101525,2015-10-02T19:45:15.047,1989,9234,1
101629,2015-10-05T23:52:21.110,9445,6023,1
101668,2015-10-07T09:39:08.697,9445,6023,3
104011,2015-10-10T15:54:16.113,8348,99,1
104277,2015-10-11T21:06:27.810,12563,548,3
104335,2015-10-12T07:07:24.613,12582,4427,1
105175,2015-10-17T13:38:06.047,12620,725,1
105176,2015-10-17T13:40:22.993,12620,9354,1
105177,2015-10-17T13:40:22.993,12620,730,1
105178,2015-10-17T13:52:48.827,12620,725,3
105612,2015-10-20T15:55:28.960,12638,6565,1
105973,2015-10-23T13:46:37.753,12664,1335,1
106043,2015-10-23T20:26:55.770,12664,7886,1
106337,2015-10-25T09:55:53.627,12679,4482,1
106361,2015-10-25T15:02:08.933,12679,4482,3
106786,2015-10-28T15:03:38.407,12690,12673,1
107647,2015-11-06T05:26:46.220,12748,2231,1
107649,2015-11-06T08:57:05.900,12748,2231,3
107704,2015-11-06T20:56:40.003,12730,12757,1
107803,2015-11-09T01:11:15.853,12775,1103,1
107899,2015-11-11T14:40:14.170,12790,9536,1
107901,2015-11-11T18:03:10.650,12790,9536,3
107942,2015-11-12T13:29:06.147,12799,6228,1
108020,2015-11-14T23:19:35.680,12821,2409,1
108064,2015-11-15T15:06:16.490,12828,7949,1
108076,2015-11-15T23:09:00.717,12828,7949,3
108167,2015-11-17T14:44:33.440,12849,9256,1
108500,2015-11-26T13:45:19.793,12919,9042,1
108606,2015-11-30T08:44:56.467,12946,12937,1
109712,2015-12-08T10:31:48.983,13028,9659,1
109890,2015-12-10T07:43:51.770,13046,9286,1
109985,2015-12-11T10:46:20.043,13055,12678,1
109991,2015-12-11T14:02:45.283,13055,12678,3
110087,2015-12-12T15:55:07.997,13070,12833,1
110088,2015-12-12T16:32:19.993,13070,12833,3
110239,2015-12-14T12:27:59.667,13083,12797,1
110240,2015-12-14T12:27:59.667,13083,9713,1
110431,2015-12-16T12:23:54.263,13106,5028,1
110559,2015-12-18T15:23:11.867,13122,2771,1
110597,2015-12-19T09:17:58.500,13122,2771,3
110622,2015-12-19T15:20:31.420,13125,188,1
110914,2015-12-23T18:52:53.097,13145,5739,1
111160,2015-12-26T09:06:45.437,13179,1239,1
111269,2015-12-27T14:51:09.423,13179,1239,3
111275,2015-12-27T17:20:02.253,13192,4840,1
111362,2015-12-28T16:12:16.810,13208,6059,1
111752,2016-01-01T18:54:39.790,13216,1720,1
111765,2016-01-01T20:15:51.867,13192,1970,1
111767,2016-01-01T20:16:55.303,13192,1720,1
111797,2016-01-02T23:59:42.137,13273,2348,1
111798,2016-01-02T23:59:42.137,13273,3966,1
111826,2016-01-03T10:44:54.813,13278,1960,1
111910,2016-01-03T14:12:42.823,13281,2660,1
111911,2016-01-03T14:24:31.647,13281,12750,1
111945,2016-01-03T15:23:02.230,13283,4414,1
111949,2016-01-03T18:07:30.737,13281,2660,3
112076,2016-01-04T21:07:00.637,13306,442,1
112107,2016-01-04T23:18:12.093,13311,9581,1
112109,2016-01-04T23:21:56.713,13311,9581,3
112138,2016-01-05T08:48:54.647,2660,80,3
112230,2016-01-06T03:03:34.953,13324,13156,1
112231,2016-01-06T03:03:34.953,13324,9620,1
112266,2016-01-06T13:08:14.237,13327,725,1
112412,2016-01-08T21:40:22.367,13371,2017,1
112413,2016-01-08T21:41:14.860,13371,1494,1
112414,2016-01-08T21:56:34.530,13371,1494,3
112415,2016-01-08T21:56:34.530,13371,2017,3
112416,2016-01-08T22:53:06.480,2508,2017,1
112476,2016-01-10T05:07:54.163,2508,2017,3
112477,2016-01-10T07:25:00.323,9170,1717,1
112538,2016-01-11T07:29:56.297,13391,6309,1
112628,2016-01-12T22:03:03.923,13411,2348,1
112647,2016-01-13T08:06:14.690,13411,2348,3
112717,2016-01-14T16:53:03.787,13437,13125,1
112718,2016-01-14T16:53:03.787,13437,13290,1
112719,2016-01-14T16:53:03.787,13437,8851,1
112760,2016-01-15T10:08:20.083,13444,5870,1
112802,2016-01-15T18:54:49.890,13450,13192,1
112957,2016-01-19T20:08:24.943,8327,13156,1
112958,2016-01-19T20:08:24.943,8327,13324,1
113074,2016-01-22T08:55:15.327,13494,8765,1
113426,2016-01-30T04:45:55.227,13556,13324,1
113457,2016-01-30T20:52:58.117,13556,13324,3
114484,2016-02-05T16:47:32.100,13641,12246,1
114727,2016-02-07T12:09:48.730,13677,2515,1
114861,2016-02-08T14:37:50.697,13688,12797,1
114917,2016-02-09T08:45:16.967,13688,12797,3
115502,2016-02-15T20:47:22.167,13744,468,1
115781,2016-02-19T16:09:57.913,13759,2348,1
115884,2016-02-21T04:37:57.387,13759,2348,3
116298,2016-02-25T06:30:40.877,13786,13542,1
116407,2016-02-26T07:18:29.157,13797,8914,1
116433,2016-02-26T13:44:02.503,8914,4961,1
116444,2016-02-26T16:30:17.313,13797,8914,3
116732,2016-03-02T15:38:17.320,8914,4961,3
117078,2016-03-08T12:43:33.330,13866,7690,1
117166,2016-03-11T09:17:11.037,12322,12276,1
117177,2016-03-11T22:17:09.020,12322,12276,3
117317,2016-03-13T12:44:27.650,13909,9309,1
117319,2016-03-13T19:07:51.777,13909,9309,3
117320,2016-03-13T20:00:58.457,13913,1003,1
117321,2016-03-13T20:00:58.457,13913,9388,1
117349,2016-03-14T13:29:18.227,13897,188,1
117356,2016-03-15T08:45:00.683,13897,188,3
117370,2016-03-15T12:37:46.237,13925,4776,1
117372,2016-03-15T14:39:53.497,13925,1103,1
117396,2016-03-15T22:03:51.640,13925,1103,3
117397,2016-03-15T22:03:51.640,13925,4776,3
117808,2016-03-26T18:45:03.230,13997,5655,1
117950,2016-03-29T12:09:55.177,14026,9546,1
118049,2016-04-01T10:25:44.243,4800,8755,1
118051,2016-04-01T12:27:03.900,8276,9706,1
118065,2016-04-01T14:32:42.320,14056,9482,1
118075,2016-04-01T21:27:39.830,14056,9482,3
118959,2016-04-11T15:00:14.833,14107,188,1
119298,2016-04-16T11:41:06.647,14134,5705,1
119464,2016-04-18T08:26:23.560,14147,5208,1
119484,2016-04-18T13:55:29.447,14147,5208,3
119607,2016-04-20T13:00:51.020,14173,14157,1
119682,2016-04-21T07:50:58.340,14173,14157,3
119773,2016-04-22T16:59:20.710,14175,3971,1
119774,2016-04-22T16:59:20.710,14175,6046,1
119865,2016-04-23T18:07:35.090,14194,1606,1
120344,2016-05-01T11:57:47.457,14243,14035,1
120494,2016-05-03T09:10:22.617,14259,4132,1
120500,2016-05-03T16:36:17.363,14259,4132,3
120636,2016-05-07T10:47:53.747,14286,2506,1
120938,2016-05-12T10:39:44.573,14353,4434,1
120958,2016-05-12T20:03:42.200,14353,4434,3
121012,2016-05-13T13:04:51.467,14360,13290,1
121036,2016-05-13T22:38:21.433,14367,5470,1
121061,2016-05-14T13:31:54.030,12220,9236,1
121117,2016-05-15T17:49:19.457,14360,13290,3
121166,2016-05-16T16:31:36.047,14384,2273,1
121444,2016-05-26T08:48:08.437,14467,1986,1
121450,2016-05-26T12:30:52.790,14471,4642,1
121548,2016-05-26T23:20:58.847,14482,5811,1
121646,2016-05-28T00:05:00.340,14487,14488,1
121755,2016-05-30T15:38:54.877,14525,14480,1
121837,2016-05-31T12:07:51.097,14525,14467,1
121978,2016-06-01T20:47:46.793,14539,4977,1
123738,2016-06-05T11:49:53.610,14602,13026,1
123739,2016-06-05T11:49:53.610,14602,9737,1
123750,2016-06-05T11:54:23.003,13026,14602,1
123754,2016-06-05T14:21:18.840,14601,14583,1
124388,2016-06-12T17:06:54.943,14680,14661,1
125171,2016-06-24T12:56:13.507,979,6081,1
125432,2016-06-27T16:29:28.473,14766,5173,1
125435,2016-06-27T16:57:10.303,9470,2777,1
125436,2016-06-27T16:57:10.303,9470,1864,1
125443,2016-06-28T01:59:02.777,14766,5173,3
125572,2016-06-29T17:51:20.510,14751,720,1
125804,2016-07-01T22:44:42.773,14809,5028,1
125826,2016-07-02T07:08:34.607,14802,2341,1
126165,2016-07-10T16:26:42.090,14860,1263,1
126201,2016-07-11T14:51:08.800,14876,4434,1
126251,2016-07-12T22:43:52.880,9017,5543,1
126452,2016-07-17T03:27:29.263,14937,9658,1
126472,2016-07-17T08:08:42.310,14942,2409,1
126483,2016-07-17T10:01:38.927,14942,2409,3
126622,2016-07-20T05:06:54.763,14958,27,1
126753,2016-07-22T22:11:01.570,14985,8734,1
126893,2016-07-26T13:33:44.083,15012,2500,1
126939,2016-07-26T22:07:47.247,15014,9188,1
126946,2016-07-27T07:54:26.503,1624,8807,1
126968,2016-07-28T00:10:05.167,14641,9294,1
126969,2016-07-28T00:11:15.360,14641,6555,1
127103,2016-07-28T13:56:16.047,9188,15014,1
127241,2016-07-30T20:20:30.730,15050,2641,1
127302,2016-07-31T17:18:53.740,15060,8100,1
127303,2016-07-31T17:18:53.740,15060,5280,1
127379,2016-08-01T23:34:30.847,15071,189,1
127391,2016-08-02T11:54:28.260,15071,189,3
128007,2016-08-03T09:49:28.723,15050,15060,1
128008,2016-08-03T09:49:28.723,15050,8100,1
129337,2016-08-08T01:20:04.503,15114,15105,1
129445,2016-08-09T13:46:18.263,15122,15006,1
129535,2016-08-10T14:18:59.660,15130,4001,1
129536,2016-08-10T14:18:59.660,15130,9309,1
129787,2016-08-13T02:24:36.530,15155,9957,1
129933,2016-08-15T13:04:59.540,15155,9957,3
130264,2016-08-20T06:48:32.490,15195,11036,1
130303,2016-08-20T15:45:15.723,15195,11036,3
130775,2016-08-28T17:23:50.737,15251,8100,1
130922,2016-08-31T22:56:42.930,14019,15261,1
130967,2016-09-01T23:43:37.203,15270,1325,1
131010,2016-09-02T18:17:38.207,15277,2845,1
131134,2016-09-07T10:31:25.227,15305,13349,1
131159,2016-09-08T01:36:37.410,15311,811,1
131414,2016-09-14T11:29:49.730,15367,4598,1
131421,2016-09-14T20:02:12.363,13679,14379,1
131422,2016-09-14T20:05:43.660,1263,8923,1
131619,2016-09-19T12:09:21.760,15426,5099,1
131658,2016-09-20T06:33:50.233,15332,2895,1
131704,2016-09-21T15:30:53.897,15441,414,1
131727,2016-09-22T09:45:01.147,15447,4733,1
131728,2016-09-22T09:45:01.147,15447,226,1
131838,2016-09-23T14:18:30.833,15468,15447,1
131839,2016-09-23T14:25:34.893,15468,226,1
131950,2016-09-24T23:03:06.160,548,59,1
131990,2016-09-25T18:27:02.753,15468,226,3
132183,2016-09-30T08:55:47.673,15524,13048,1
132808,2016-10-02T18:51:05.453,15555,693,1
132844,2016-10-02T23:57:58.827,15524,13048,3
133018,2016-10-05T11:38:29.937,15579,15130,1
133022,2016-10-05T13:07:00.530,15537,1515,1
133037,2016-10-05T17:16:53.447,15582,5099,1
133053,2016-10-05T22:46:51.600,15579,15472,1
133204,2016-10-08T17:10:38.590,15593,1600,1
133246,2016-10-09T01:32:11.150,1103,15481,1
133403,2016-10-11T08:52:21.247,15609,12348,1
133528,2016-10-13T18:19:40.773,15628,9461,1
133557,2016-10-14T01:46:56.807,15631,9960,1
133864,2016-10-18T15:48:57.047,15667,13349,1
133865,2016-10-18T17:43:42.610,15665,7781,1
133927,2016-10-19T06:52:14.107,15665,7781,3
134144,2016-10-21T20:47:30.137,15698,1960,1
134353,2016-10-24T13:30:57.210,15714,15705,1
134364,2016-10-24T13:31:24.377,15705,15714,1
134392,2016-10-24T21:05:33.330,15593,1600,3
134393,2016-10-24T21:05:49.020,15667,13349,3
134430,2016-10-25T12:39:21.357,2217,15718,1
134431,2016-10-25T12:45:32.933,15697,15718,1
134558,2016-10-28T09:20:26.157,13509,2217,1
134666,2016-10-31T01:58:41.613,15736,8374,1
134672,2016-10-31T11:27:58.883,15736,8374,3
134747,2016-11-01T11:02:49.390,15745,14984,1
134752,2016-11-01T14:25:15.950,15741,15698,1
134864,2016-11-02T20:07:52.230,15759,2515,1
134960,2016-11-05T20:52:33.073,15555,693,3
134979,2016-11-06T22:59:24.883,15741,15723,1
135126,2016-11-10T09:18:38.420,15805,4840,1
135145,2016-11-10T14:59:11.613,15805,4840,3
135302,2016-11-13T12:39:58.013,15833,720,1
135649,2016-11-21T14:29:08.967,15892,4565,1
135688,2016-11-21T19:42:50.357,13724,5069,1
135847,2016-11-23T05:43:39.023,13724,5069,3
135857,2016-11-23T09:47:43.103,13896,5933,1
135858,2016-11-23T09:47:43.103,13896,7848,1
135986,2016-11-24T22:12:11.950,15930,226,1
136075,2016-11-26T01:44:27.220,13389,13322,1
136215,2016-11-30T10:36:00.487,15892,4565,3
136946,2016-12-06T18:23:21.037,16000,2097,1
136961,2016-12-07T07:56:43.490,16008,1251,1
136962,2016-12-07T07:56:43.490,16008,1844,1
136963,2016-12-07T07:56:43.490,16008,2188,1
136964,2016-12-07T07:56:43.490,16008,4539,1
137188,2016-12-09T00:44:38.303,16023,2348,1
137645,2016-12-15T17:10:09.337,9208,6442,1
137725,2016-12-16T14:39:34.010,14084,9376,1
137733,2016-12-16T17:15:39.617,16093,4903,1
137963,2016-12-18T14:47:20.907,16117,13522,1
137974,2016-12-18T14:53:14.167,13522,16117,1
138195,2016-12-21T13:49:14.200,16139,2641,1
138238,2016-12-22T00:52:35.090,16139,2641,3
138257,2016-12-22T05:19:22.643,16143,1302,1
138282,2016-12-22T11:02:29.980,16150,13327,1
138325,2016-12-22T22:39:15.720,16150,13327,3
138750,2016-12-28T16:14:05.510,16202,13324,1
138751,2016-12-28T16:14:05.510,16202,13156,1
138804,2016-12-29T17:30:55.703,16232,14979,1
138868,2016-12-30T04:28:04.490,16233,15819,1
138925,2016-12-31T12:20:28.877,16254,5860,1
139010,2017-01-02T11:28:37.950,16275,8763,1
139011,2017-01-02T12:38:31.857,16275,2515,1
139012,2017-01-02T12:38:31.857,16275,75,1
139013,2017-01-02T12:38:31.857,16275,6385,1
139021,2017-01-02T20:18:01.913,16275,8763,3
139033,2017-01-03T07:17:59.803,16281,12470,1
139034,2017-01-03T07:29:14.980,16202,13156,3
139035,2017-01-03T07:29:43.803,16254,5860,3
139040,2017-01-03T15:04:58.663,16281,12470,3
139102,2017-01-05T04:55:27.717,16296,1960,1
139143,2017-01-05T11:48:01.847,16296,1960,3
139203,2017-01-06T19:54:01.150,16306,1981,1
139435,2017-01-11T15:57:43.257,16330,1103,1
139741,2017-01-17T20:25:48.253,16399,14169,1
139763,2017-01-17T22:29:08.230,16171,2856,1
139778,2017-01-18T02:29:18.373,16402,13026,1
139779,2017-01-18T02:29:18.373,16402,7690,1
140278,2017-01-27T07:53:11.947,16476,778,1
140300,2017-01-27T15:01:59.263,16476,778,3
140720,2017-01-30T10:25:27.643,16492,4074,1
141513,2017-02-10T03:01:12.780,16601,9632,1
141514,2017-02-10T03:01:12.780,16601,15704,1
141669,2017-02-13T01:03:22.853,16616,16615,1
142315,2017-02-21T09:36:23.950,16702,15130,1
142340,2017-02-21T15:42:25.810,16702,15130,3
142585,2017-02-24T12:58:41.133,16752,808,1
142642,2017-02-25T12:50:14.703,16752,808,3
142812,2017-02-28T09:01:13.457,9525,8767,1
142925,2017-03-02T05:39:11.370,16816,9178,1
142928,2017-03-02T07:29:26.610,16816,9178,3
142930,2017-03-02T10:18:28.650,9525,8767,3
143228,2017-03-08T10:32:01.800,16869,16868,1
143229,2017-03-08T10:33:48.467,16868,16865,1
143230,2017-03-08T11:42:47.203,16869,16868,3
143249,2017-03-08T15:04:14.513,16871,8767,1
143252,2017-03-08T17:46:16.130,16871,8767,3
143282,2017-03-09T13:23:11.503,16871,16026,1
143300,2017-03-09T23:11:40.707,16877,9452,1
143323,2017-03-10T13:49:07.563,16881,14813,1
143324,2017-03-10T13:55:57.983,16881,14813,3
143328,2017-03-10T16:18:58.667,16804,14231,1
143329,2017-03-10T16:31:38.780,16877,9452,3
143369,2017-03-10T21:13:11.410,16892,16565,1
143503,2017-03-13T01:02:24.987,16918,16832,1
143701,2017-03-16T13:55:33.580,16952,12678,1
143712,2017-03-16T14:52:17.133,16954,9221,1
143717,2017-03-16T15:29:55.013,16954,9221,3
143720,2017-03-16T16:20:51.293,16952,12678,3
143765,2017-03-17T09:39:52.347,16966,1817,1
143809,2017-03-17T19:25:59.713,16966,1817,3
144058,2017-03-20T10:10:07.633,17014,339,1
144299,2017-03-24T18:15:36.967,17062,16562,1
144376,2017-03-26T06:28:30.163,13192,16461,1
144527,2017-03-28T13:24:29.770,17088,1408,1
144596,2017-03-29T04:23:30.880,17088,1408,3
145073,2017-03-31T08:07:44.133,17127,17075,1
145625,2017-04-06T13:14:37.390,17196,17192,1
145668,2017-04-06T19:13:48.643,17202,17192,1
145679,2017-04-06T19:22:26.413,17075,16402,1
146057,2017-04-12T10:39:56.787,17235,548,1
146108,2017-04-13T03:14:21.917,17202,12229,1
146109,2017-04-13T03:30:25.250,17235,548,3
146227,2017-04-13T22:16:55.743,17262,13468,1
146244,2017-04-14T10:42:20.290,17262,13468,3
146293,2017-04-15T06:08:52.803,17270,13468,1
146308,2017-04-15T08:39:54.387,17270,8036,1
146321,2017-04-15T13:48:31.053,17270,13468,3
147114,2017-04-25T14:39:45.007,17357,2596,1
147115,2017-04-25T14:39:45.007,17357,17088,1
147262,2017-04-27T15:00:49.673,17377,1960,1
147273,2017-04-27T15:13:20.733,17377,14467,1
147383,2017-04-29T15:39:37.400,17391,17388,1
147394,2017-04-29T15:40:20.603,17388,17391,1
147767,2017-05-04T18:13:14.673,17382,75,1
147932,2017-05-08T09:05:38.757,17481,15985,1
147970,2017-05-08T18:15:03.853,17487,14145,1
147991,2017-05-09T15:13:10.193,17495,251,1
148153,2017-05-11T21:48:56.117,5650,13766,1
148162,2017-05-12T10:17:13.347,5650,13766,3
148211,2017-05-12T21:09:19.297,17487,14145,3
148769,2017-05-22T06:12:03.353,17618,13252,1
148859,2017-05-23T13:19:36.877,17618,13252,3
148951,2017-05-25T08:06:51.960,17617,4414,1
149089,2017-05-27T05:12:51.960,17659,7821,1
150000,2017-05-30T18:28:22.603,17693,8,1
150250,2017-06-02T21:35:24.107,17733,1958,1
150263,2017-06-03T07:12:37.320,17733,1958,3
150381,2017-06-04T17:48:58.200,17744,16615,1
150633,2017-06-08T18:36:32.237,13933,6574,1
150730,2017-06-10T08:26:08.490,13933,6574,3
150846,2017-06-11T23:07:53.563,17818,17807,1
151051,2017-06-13T19:14:37.910,17783,6184,1
151378,2017-06-18T08:04:20.010,17846,1835,1
151414,2017-06-18T14:02:52.150,17846,1835,3
151580,2017-06-20T12:30:43.240,17866,17858,1
151602,2017-06-20T16:05:51.943,17866,17858,3
151714,2017-06-21T21:31:00.437,17886,17885,1
152193,2017-06-30T01:19:47.873,17945,1122,1
152344,2017-07-03T09:29:45.993,17967,6282,1
152347,2017-07-03T11:11:25.967,17967,6282,3
152574,2017-07-08T21:31:06.877,5208,13522,1
152576,2017-07-08T22:42:33.120,5208,11153,1
153139,2017-07-16T02:18:35.877,18034,15575,1
153494,2017-07-19T09:56:56.123,18034,18046,1
153576,2017-07-19T21:12:10.867,18083,8201,1
154965,2017-07-23T14:07:50.833,18115,6046,1
154966,2017-07-23T14:07:50.833,18115,693,1
154995,2017-07-24T16:55:08.597,18126,2671,1
154996,2017-07-24T16:55:08.597,18126,1207,1
155986,2017-08-07T00:35:47.583,18244,4434,1
156236,2017-08-10T13:53:33.400,18268,18278,1
156634,2017-08-15T00:05:07.907,18314,9327,1
156651,2017-08-15T06:33:03.673,18314,9327,3
156668,2017-08-15T07:41:31.633,18315,9221,1
156673,2017-08-15T09:52:49.017,18315,9221,3
156722,2017-08-15T22:59:12.640,18320,1960,1
156730,2017-08-16T04:00:20.323,18320,4539,1
156753,2017-08-16T08:19:48.563,18324,15130,1
156754,2017-08-16T10:03:22.797,18320,4539,3
156862,2017-08-18T02:12:31.143,18315,80,1
157230,2017-08-22T01:07:29.823,18374,1095,1
157231,2017-08-22T01:07:29.823,18374,15704,1
157232,2017-08-22T01:07:29.823,18374,5945,1
157287,2017-08-22T21:13:22.257,18380,6171,1
157341,2017-08-23T17:58:58.367,18385,1412,1
157368,2017-08-24T17:19:37.190,18385,1412,3
157581,2017-08-27T05:46:30.620,18417,4679,1
157591,2017-08-27T12:46:09.907,18416,14636,1
157658,2017-08-28T15:19:33.850,18416,14636,3
157716,2017-08-29T20:52:48.247,18440,18162,1
157779,2017-08-31T21:37:43.950,18456,59,1
157812,2017-09-01T12:14:00.873,18460,4679,1
157816,2017-09-01T14:29:51.530,18460,4679,3
157940,2017-09-04T01:54:57.443,18472,18418,1
157963,2017-09-04T08:48:01.060,18418,4553,1
157999,2017-09-05T01:46:14.027,18456,1589,1
158024,2017-09-05T19:51:34.093,18482,1494,1
158035,2017-09-06T05:20:18.983,18482,1494,3
158047,2017-09-06T07:23:47.233,18489,4482,1
158056,2017-09-06T15:11:38.430,18489,4482,3
158057,2017-09-06T17:27:42.677,18492,1232,1
158131,2017-09-09T22:51:34.720,18510,2354,1
158132,2017-09-10T05:23:52.000,18510,2354,3
158362,2017-09-16T10:14:21.027,18569,2860,1
158363,2017-09-16T12:00:48.210,18569,15130,1
158364,2017-09-16T12:50:12.073,18569,9309,1
158365,2017-09-16T14:05:30.750,18569,9309,3
158366,2017-09-16T14:05:30.750,18569,15130,3
158367,2017-09-16T14:05:30.750,18569,2860,3
158378,2017-09-16T15:34:25.160,18570,18429,1
158597,2017-09-21T11:45:29.023,18639,4565,1
159965,2017-09-21T15:33:03.517,18641,15130,1
160010,2017-09-22T05:06:16.573,18659,18418,1
160022,2017-09-22T05:58:21.017,18659,16132,1
160126,2017-09-23T01:11:17.830,18639,4565,3
162716,2017-09-28T22:10:25.043,18737,14467,1
164079,2017-10-03T15:03:42.410,18769,15741,1
164080,2017-10-03T15:03:42.410,18769,18162,1
164081,2017-10-03T15:03:42.410,18769,8505,1
164100,2017-10-03T15:52:06.593,18783,8759,1
164580,2017-10-04T19:54:23.200,18797,18777,1
165450,2017-10-06T19:07:58.083,18804,7781,1
165451,2017-10-06T19:07:58.083,18804,1366,1
166036,2017-10-08T18:25:15.687,18818,16757,1
166210,2017-10-09T10:05:29.680,18814,9461,1
167586,2017-10-11T18:53:48.500,18837,12765,1
167647,2017-10-11T22:47:45.090,18841,1997,1
167744,2017-10-12T04:40:33.677,18846,6442,1
167819,2017-10-12T10:23:54.590,18851,6501,1
169293,2017-10-15T08:41:19.337,18851,6501,3
169812,2017-10-16T16:14:39.010,18872,5022,1
169838,2017-10-16T16:55:05.527,18872,5022,3
172910,2017-10-24T18:40:34.407,18935,18925,1
173505,2017-10-26T20:47:28.637,17623,17103,1
173713,2017-10-27T15:03:38.907,18958,9317,1
173714,2017-10-27T15:41:08.033,18958,2354,1
174386,2017-10-30T04:51:04.693,18958,9317,3
174387,2017-10-30T04:51:04.693,18958,2354,3
174592,2017-10-30T23:03:12.400,18989,2500,1
174753,2017-10-31T13:10:43.123,2500,18989,1
174854,2017-10-31T23:55:26.493,19018,19003,1
174952,2017-11-01T13:27:16.270,18991,15532,1
175691,2017-11-08T16:44:40.063,19079,9029,1
175723,2017-11-09T07:30:26.693,19099,4434,1
175737,2017-11-09T08:41:39.993,19099,4434,3
175744,2017-11-09T10:02:58.023,19095,9659,1
176014,2017-11-13T19:10:09.890,19140,14530,1
176015,2017-11-13T19:10:09.890,19140,14824,1
176016,2017-11-13T19:10:09.890,19140,12554,1
176028,2017-11-14T09:46:05.767,19139,14467,1
176102,2017-11-15T13:18:18.683,19158,2008,1
176177,2017-11-17T10:43:13.147,19180,4886,1
176238,2017-11-19T02:33:59.287,18991,15532,3
176301,2017-11-19T17:18:25.733,19180,15741,1
176302,2017-11-19T17:18:25.733,19180,18162,1
179797,2017-11-22T09:50:19.507,19217,19207,1
180087,2017-11-23T16:04:05.697,19180,2682,1
180150,2017-11-24T00:59:37.893,18417,3951,1
180372,2017-11-25T12:22:16.853,19242,17103,1
180471,2017-11-25T20:03:51.557,19242,17103,3
183167,2017-11-28T10:55:48.220,19264,14355,1
183186,2017-11-28T11:00:41.040,14355,19264,1
184206,2017-11-30T23:06:31.407,19293,4596,1
184211,2017-11-30T23:17:39.827,19293,4596,3
185242,2017-12-09T16:19:14.127,19377,6442,1
185387,2017-12-11T12:33:51.053,19396,18392,1
185413,2017-12-11T17:33:53.570,19401,19353,1
185417,2017-12-11T18:55:59.840,19402,19366,1
185436,2017-12-11T20:27:17.940,19353,19401,1
185448,2017-12-11T22:11:02.007,17100,16366,1
185631,2017-12-13T17:26:36.927,9485,16010,1
185661,2017-12-14T01:47:49.820,19419,18941,1
185805,2017-12-15T15:06:48.490,19419,18941,3
186261,2017-12-19T21:17:55.993,19460,19455,1
186293,2017-12-19T22:32:53.307,19460,7878,1
186320,2017-12-20T08:34:26.743,19472,19136,1
186427,2017-12-21T14:11:49.103,19482,19437,1
186487,2017-12-22T04:55:26.567,19495,17127,1
186754,2017-12-24T17:50:34.737,19500,19366,1
186820,2017-12-25T09:14:48.827,19518,4434,1
186821,2017-12-25T09:14:48.827,19518,6035,1
186822,2017-12-25T09:18:39.683,19518,6035,3
186837,2017-12-25T12:01:33.540,19520,19482,1
186946,2017-12-26T16:41:43.993,19532,17735,1
186966,2017-12-26T22:14:44.430,19532,17735,3
187005,2017-12-27T12:15:45.950,4565,2348,1
187055,2017-12-29T04:46:39.887,4565,2348,3
187102,2017-12-29T20:57:37.357,19546,4588,1
187157,2017-12-30T20:38:40.097,19546,4588,3
187290,2018-01-02T17:21:59.590,19495,17127,3
187333,2018-01-03T16:50:34.000,19575,18332,1
187338,2018-01-04T06:34:52.267,18332,19575,1
187542,2018-01-13T13:28:53.567,19625,19594,1
187544,2018-01-13T16:20:57.147,19625,19594,3
187548,2018-01-13T19:06:34.983,19626,6282,1
187565,2018-01-13T22:51:33.833,19626,6282,3
187609,2018-01-16T05:36:01.123,19634,12678,1
187641,2018-01-16T16:01:20.470,19634,12678,3
187762,2018-01-18T17:15:47.410,13389,19656,1
188408,2018-01-21T04:48:05.277,19677,19380,1
188475,2018-01-21T17:52:13.947,19681,18162,1
188476,2018-01-21T17:52:13.947,19681,15741,1
188661,2018-01-23T05:56:33.217,19710,12613,1
188701,2018-01-23T14:17:47.053,12613,19710,1
188723,2018-01-23T15:23:19.637,19719,1412,1
188728,2018-01-23T18:02:42.440,19710,12613,3
188872,2018-01-24T20:19:49.410,19734,19645,1
190134,2018-01-26T22:06:10.000,19753,5022,1
190174,2018-01-27T08:46:46.417,19753,5022,3
190332,2018-01-28T15:27:05.573,19760,12613,1
190333,2018-01-28T15:27:05.573,19760,19710,1
190506,2018-01-30T09:12:17.647,19770,19650,1
190703,2018-01-31T05:14:16.003,19788,6110,1
190807,2018-01-31T22:31:25.693,19788,6110,3
190864,2018-02-01T14:23:49.410,19791,2204,1
190974,2018-02-02T05:24:41.907,19791,2204,3
191679,2018-02-05T01:07:33.690,19822,8505,1
193332,2018-02-10T09:30:34.277,19860,441,1
193634,2018-02-11T01:44:03.443,19872,8011,1
193755,2018-02-11T10:23:07.077,19871,19833,1
193840,2018-02-11T18:57:20.697,19878,19734,1
193841,2018-02-11T18:57:20.697,19878,239,1
194609,2018-02-14T11:39:21.620,19904,15741,1
194610,2018-02-14T11:39:21.620,19904,19504,1
194641,2018-02-14T12:23:08.047,19908,1515,1
194709,2018-02-14T19:58:39.523,13676,16923,1
194714,2018-02-14T20:18:29.150,19913,13205,1
194765,2018-02-14T23:01:36.537,19917,19915,1
194968,2018-02-15T15:58:06.387,19917,19915,3
195065,2018-02-15T21:53:43.623,19926,80,1
195852,2018-02-18T09:49:53.650,19926,80,3
196777,2018-02-22T09:49:45.617,19965,19402,1
196844,2018-02-22T19:40:13.577,18740,19482,1
197096,2018-02-24T02:25:21.700,19996,13324,1
197208,2018-02-24T14:44:36.820,19996,13324,3
197487,2018-02-26T01:09:20.440,20008,19460,1
198478,2018-03-04T11:40:22.627,20040,19645,1
198616,2018-03-07T10:10:46.960,20071,17957,1
198617,2018-03-07T10:10:46.960,20071,2204,1
198883,2018-03-12T09:38:58.593,20102,18520,1
198958,2018-03-14T11:40:23.850,20120,18240,1
203348,2018-03-24T05:06:41.660,21206,15772,1
206620,2018-03-26T12:32:24.063,21209,468,1
206621,2018-03-26T12:36:27.227,21204,468,1
206775,2018-03-26T17:46:29.603,21218,19455,1
206783,2018-03-26T18:03:43.007,21218,12470,1
206926,2018-03-26T23:50:13.633,21223,441,1
206967,2018-03-27T02:46:17.787,21218,19455,3
207174,2018-03-27T16:53:35.910,21223,441,3
209361,2018-04-01T01:30:52.340,21261,2348,1
209399,2018-04-01T04:07:28.870,21261,4596,1
209945,2018-04-02T05:39:58.977,21273,21250,1
210369,2018-04-03T01:53:49.803,21285,15210,1
211477,2018-04-05T19:24:38.283,21306,12368,1
211547,2018-04-05T21:25:43.037,21307,19710,1
211548,2018-04-05T21:39:02.220,21307,12613,1
211549,2018-04-05T21:51:25.663,21307,12613,3
211642,2018-04-06T07:27:04.700,21311,15977,1
211643,2018-04-06T07:27:04.700,21311,1673,1
211644,2018-04-06T07:44:37.683,21157,2500,1
211645,2018-04-06T10:42:10.850,21313,12220,1
212261,2018-04-07T19:37:21.967,21328,21311,1
213177,2018-04-08T21:41:16.117,21333,12668,1
213308,2018-04-09T04:11:53.757,21328,21311,3
214933,2018-04-12T16:12:53.780,21358,677,1
215400,2018-04-13T16:26:38.797,21368,1228,1
215941,2018-04-14T23:15:33.450,21358,677,3
216058,2018-04-15T07:12:01.287,21379,5504,1
216187,2018-04-15T11:40:11.893,21390,20058,1
218273,2018-04-20T06:33:16.537,21439,811,1
218307,2018-04-20T08:14:00.703,21439,811,3
218450,2018-04-20T19:48:30.600,21441,15845,1
218638,2018-04-21T10:25:59.687,21441,15845,3
220462,2018-04-26T19:42:24.967,21469,21459,1
221333,2018-04-30T21:51:58.970,21489,21212,1
221635,2018-05-02T00:02:45.670,21493,8315,1
221766,2018-05-02T16:55:00.727,21493,8315,3
222072,2018-05-06T12:24:51.453,21520,15674,1
222276,2018-05-08T14:16:16.240,21531,5028,1
222324,2018-05-08T23:15:16.787,21531,5028,3
222385,2018-05-09T17:47:14.650,21422,5023,1
222386,2018-05-09T17:48:31.663,21477,883,1
222431,2018-05-09T23:49:49.233,21540,19633,1
222596,2018-05-12T15:25:06.487,21552,226,1
222647,2018-05-13T04:12:07.243,21561,2348,1
222648,2018-05-13T07:19:45.110,21561,2348,3
222704,2018-05-13T22:09:42.550,21570,21422,1
222753,2018-05-14T20:43:55.583,21570,19965,1
223047,2018-05-19T10:25:59.140,21590,18848,1
223048,2018-05-19T10:25:59.140,21590,16427,1
226336,2018-05-20T14:24:12.590,21603,18876,1
226461,2018-05-21T22:37:21.480,21609,16310,1
226462,2018-05-21T22:47:55.133,21540,19633,3
226465,2018-05-22T00:20:10.437,21609,16310,3
226641,2018-05-23T17:38:07.600,21623,4596,1
226643,2018-05-23T18:21:50.563,21285,15210,3
226672,2018-05-23T21:03:27.887,21603,18876,3
226676,2018-05-24T01:10:24.503,21623,4596,3
226701,2018-05-24T08:19:36.720,21630,4596,1
228128,2018-05-24T23:15:02.307,21641,19163,1
228141,2018-05-24T23:47:09.763,21641,6315,1
228204,2018-05-25T16:32:35.040,21641,6315,3
228476,2018-05-27T12:33:16.590,21658,19482,1
228477,2018-05-27T12:33:44.743,21658,19437,1
228525,2018-05-27T19:28:13.493,21658,19482,3
228577,2018-05-28T05:54:24.353,21659,246,1
228619,2018-05-28T14:55:31.053,21659,246,3
229560,2018-06-05T14:12:45.583,21723,13178,1
229611,2018-06-05T20:27:30.280,21726,8095,1
229714,2018-06-06T21:11:40.800,21726,8095,3
229931,2018-06-07T14:21:30.950,21748,5356,1
229932,2018-06-07T14:22:20.197,21748,1412,1
229956,2018-06-07T17:44:43.347,21750,19936,1
229957,2018-06-07T17:48:30.850,21750,19936,3
230021,2018-06-08T09:44:57.327,21748,1412,3
230029,2018-06-08T12:07:03.403,21757,21684,1
230400,2018-06-11T14:22:50.887,21775,588,1
230751,2018-06-13T16:53:50.243,21797,2348,1
230753,2018-06-13T17:40:18.537,21797,8315,1
230766,2018-06-13T18:39:46.660,21799,4803,1
230767,2018-06-13T18:48:07.507,21799,4803,3
230778,2018-06-13T20:50:14.297,21797,8315,3
231702,2018-06-22T10:55:19.073,21864,9221,1
231708,2018-06-22T11:00:41.600,21864,1228,1
231709,2018-06-22T11:01:19.167,21864,21368,1
231710,2018-06-22T11:01:29.323,21864,1228,3
231729,2018-06-22T16:32:12.587,21850,21641,1
231730,2018-06-22T16:32:59.927,21850,6315,1
231885,2018-06-24T12:25:37.627,21850,21641,3
231886,2018-06-24T12:25:37.627,21850,6315,3
232121,2018-06-27T15:06:25.017,21916,9907,1
232187,2018-06-28T14:18:13.160,21916,9907,3
232264,2018-06-29T09:12:58.283,21933,5028,1
232537,2018-07-03T15:10:47.223,21966,4490,1
232545,2018-07-03T19:18:26.173,21966,4490,3
232739,2018-07-09T20:40:22.890,22015,2671,1
232740,2018-07-09T21:14:08.383,22015,2671,3
232824,2018-07-11T12:02:49.327,22019,14610,1
232858,2018-07-12T09:54:17.397,22024,9919,1
232859,2018-07-12T09:54:17.397,22024,2771,1
232883,2018-07-13T17:35:01.413,22020,15918,1
233007,2018-07-18T03:44:20.767,22054,2771,1
233039,2018-07-18T11:39:04.050,22054,2771,3
234117,2018-07-22T02:31:08.417,22090,2204,1
235595,2018-07-25T06:45:07.880,22125,18866,1
235729,2018-07-25T21:26:37.433,22060,1372,1
235730,2018-07-25T21:26:37.433,22060,5730,1
236405,2018-07-31T08:58:19.857,22090,2204,3
237679,2018-08-11T20:34:11.700,22209,5392,1
237903,2018-08-14T12:44:45.323,22231,6508,1
238025,2018-08-15T15:23:41.720,22236,8299,1
238196,2018-08-17T09:09:50.123,22236,8299,3
238906,2018-08-24T23:02:13.137,22354,5470,1
239020,2018-08-26T20:08:35.083,22367,4385,1
239060,2018-08-27T09:20:37.287,22367,4385,3
239256,2018-08-30T08:17:27.957,22395,21493,1
239257,2018-08-30T08:19:30.837,22395,8315,1
239267,2018-08-30T11:46:21.663,22395,8315,3
239268,2018-08-30T11:46:21.663,22395,21493,3
239272,2018-08-30T13:25:24.403,8315,22395,1
239273,2018-08-30T13:25:24.403,8315,21493,1
239380,2018-08-31T15:38:45.533,22407,1302,1
239619,2018-09-08T11:38:57.303,18798,18721,1
239751,2018-09-10T12:50:38.257,22467,1804,1
239752,2018-09-10T12:50:38.257,22467,1461,1
239759,2018-09-10T15:22:53.730,22459,4385,1
239792,2018-09-10T20:28:28.190,22473,17005,1
239804,2018-09-11T15:39:42.760,22473,17005,3
239831,2018-09-12T16:28:35.513,22478,4482,1
239832,2018-09-12T16:31:01.540,22482,8315,1
239834,2018-09-12T21:54:24.490,22482,8315,3
239837,2018-09-13T10:17:12.383,22478,4482,3
239849,2018-09-13T11:14:42.443,22484,22357,1
239850,2018-09-13T11:25:09.157,22484,22357,3
239905,2018-09-15T11:38:04.440,13192,5253,1
239939,2018-09-15T19:49:37.210,22508,17005,1
240816,2018-09-20T20:31:56.413,22520,1609,1
243067,2018-09-29T14:24:22.277,22571,15643,1
243238,2018-10-01T01:58:31.323,22584,13522,1
243269,2018-10-01T14:12:04.023,22584,13522,3
243318,2018-10-02T04:45:25.987,22588,2354,1
243383,2018-10-02T22:13:30.400,22594,4,1
243546,2018-10-04T22:46:19.190,22588,2354,3
243547,2018-10-04T22:46:55.043,22594,4,3
244102,2018-10-10T12:22:10.277,22621,15741,1
244103,2018-10-10T12:22:10.277,22621,6125,1
244104,2018-10-10T12:22:10.277,22621,18162,1
244191,2018-10-11T16:19:18.290,19076,8100,1
244258,2018-10-12T09:53:16.747,22634,7657,1
244347,2018-10-13T04:49:43.767,22641,4111,1
244521,2018-10-14T15:53:49.173,22634,7657,3
244639,2018-10-15T17:54:18.230,22668,22236,1
244918,2018-10-19T04:02:02.440,22701,181,1
245194,2018-10-21T16:24:43.333,22725,474,1
245299,2018-10-22T16:06:17.083,22698,730,1
245634,2018-10-28T23:25:35.627,22758,4903,1
245746,2018-10-31T07:11:13.017,22773,19653,1
245810,2018-11-01T12:08:20.247,22789,15241,1
245821,2018-11-01T12:12:02.040,22789,15241,3
245859,2018-11-03T16:25:39.917,22795,19433,1
245918,2018-11-05T16:40:58.510,22806,19163,1
246177,2018-11-10T18:06:31.947,22835,9546,1
246262,2018-11-11T22:07:37.413,22859,17143,1
246285,2018-11-12T14:55:02.560,22865,19462,1
246364,2018-11-14T14:39:03.753,22884,1412,1
246377,2018-11-14T16:08:42.360,22884,19719,1
246417,2018-11-15T10:26:57.557,22884,19719,3
246418,2018-11-15T10:26:57.557,22884,1412,3
246937,2018-11-17T08:14:32.133,22910,6188,1
247088,2018-11-18T22:23:10.203,22910,777,1
247099,2018-11-18T23:33:49.133,22928,2348,1
247149,2018-11-19T11:14:02.713,22928,2348,3
247279,2018-11-20T13:08:11.010,22951,1412,1
247671,2018-11-21T22:49:57.593,22962,20120,1
247824,2018-11-22T16:58:51.527,22987,14434,1
247910,2018-11-23T11:24:32.803,22987,14434,3
248024,2018-11-24T10:42:33.703,23002,754,1
248108,2018-11-25T00:48:52.310,23007,22616,1
248200,2018-11-26T02:59:33.367,23002,754,3
248464,2018-11-27T21:17:51.447,23007,181,1
248476,2018-11-27T22:02:01.583,23046,2017,1
248488,2018-11-27T23:36:42.460,23046,4113,1
248534,2018-11-28T10:31:24.990,23048,14686,1
248669,2018-11-29T07:32:40.480,23055,4836,1
248681,2018-11-29T11:39:32.113,23055,4836,3
248888,2018-12-01T02:45:08.097,23091,13021,1
249141,2018-12-03T15:15:17.910,23104,9317,1
249142,2018-12-03T15:20:03.463,23104,2354,1
249276,2018-12-04T12:43:31.703,23134,15723,1
249704,2018-12-07T04:07:11.543,23159,8331,1
249705,2018-12-07T04:11:49.843,23159,4113,1
249755,2018-12-07T10:32:06.333,23159,4113,3
249869,2018-12-07T18:54:12.383,23166,9650,1
250234,2018-12-09T11:51:09.920,23104,2354,3
250310,2018-12-09T19:53:51.830,23185,19760,1
250352,2018-12-10T02:38:41.117,23200,19482,1
250732,2018-12-12T15:39:03.747,23227,21171,1
250762,2018-12-12T19:54:19.023,23230,19972,1
250830,2018-12-13T08:49:24.927,23230,19972,3
251086,2018-12-14T18:31:06.930,23243,19776,1
251252,2018-12-16T04:05:03.967,23252,662,1
251581,2018-12-18T13:50:39.260,8933,1719,1
251719,2018-12-19T11:30:57.350,8755,4800,1
251779,2018-12-19T20:17:33.500,23277,2017,1
251780,2018-12-19T20:19:42.797,23277,2343,1
251836,2018-12-20T04:17:52.347,23277,2343,3
252416,2018-12-26T13:15:22.083,23314,17088,1
252417,2018-12-26T13:16:21.210,21887,17088,1
252440,2018-12-26T22:31:50.317,21887,17088,3
252508,2018-12-27T13:46:28.967,19946,22318,1
252509,2018-12-27T13:46:49.693,23323,22318,1
252510,2018-12-27T13:46:49.693,23323,19460,1
252548,2018-12-27T17:41:48.827,23327,18231,1
252573,2018-12-27T21:25:33.830,23327,18231,3
252733,2018-12-29T10:36:05.500,23349,2509,1
252747,2018-12-29T12:54:40.323,23349,2509,3
252838,2018-12-30T11:21:25.103,23360,2199,1
252865,2018-12-30T15:39:55.363,23314,17088,3
253116,2019-01-02T18:02:36.540,23392,1274,1
253171,2019-01-03T14:48:58.500,23401,23230,1
253188,2019-01-03T17:16:53.983,23392,1274,3
253221,2019-01-04T07:23:18.837,23347,322,1
253252,2019-01-04T16:17:14.303,23408,1412,1
253273,2019-01-04T20:28:40.123,23408,1412,3
253341,2019-01-05T23:30:42.753,23430,99,1
253342,2019-01-05T23:34:07.783,23433,19353,1
253441,2019-01-07T01:14:20.053,23441,6250,1
253452,2019-01-07T01:48:31.067,23441,23228,1
253724,2019-01-12T15:20:33.847,23485,21267,1
253747,2019-01-12T21:29:14.483,23486,9925,1
253749,2019-01-13T05:17:30.037,23486,9925,3
253812,2019-01-13T19:50:12.670,23498,1702,1
253825,2019-01-13T19:56:47.217,23498,6035,1
253826,2019-01-13T21:45:26.247,23499,23456,1
253838,2019-01-13T21:50:31.430,23456,23499,1
253873,2019-01-14T08:01:58.357,23498,6035,3
255015,2019-01-16T16:44:21.077,23521,23119,1
255051,2019-01-17T07:13:10.753,23521,23119,3
255071,2019-01-17T10:52:22.243,23537,16026,1
255085,2019-01-17T11:37:43.940,23537,23108,1
255214,2019-01-18T08:39:15.813,23538,23539,1
255259,2019-01-18T14:07:08.040,5098,4963,3
256050,2019-01-21T13:35:14.237,23557,1864,1
256109,2019-01-21T18:36:15.097,23568,13669,1
256192,2019-01-22T04:14:59.337,23568,13669,3
256571,2019-01-24T13:50:57.113,23585,20022,1
256606,2019-01-24T19:42:27.030,23425,18945,1
256703,2019-01-25T14:40:11.787,23599,1103,1
256710,2019-01-25T15:38:14.700,23599,1103,3
257390,2019-01-30T14:57:54.003,23635,23577,1
257391,2019-01-30T15:58:42.577,23635,23577,3
257895,2019-02-02T13:53:29.610,23645,23599,1
257908,2019-02-02T14:17:36.053,23599,23645,1
258104,2019-02-04T03:59:38.363,23663,18989,1
258169,2019-02-04T14:59:06.287,23663,18989,3
258203,2019-02-04T18:09:19.977,23665,5022,1
258245,2019-02-05T02:07:19.893,23665,5022,3
258611,2019-02-07T10:34:37.943,23683,4539,1
258987,2019-02-10T04:41:19.010,23703,16310,1
259049,2019-02-10T11:39:19.620,23703,16310,3
259603,2019-02-15T18:20:15.100,23738,23635,1
259604,2019-02-15T18:22:43.987,23738,23577,1
259642,2019-02-16T04:39:24.597,23738,23635,3
260001,2019-02-18T08:32:23.840,23748,13389,1
260552,2019-02-24T05:13:10.417,23800,132,1
260600,2019-02-24T15:11:23.357,23800,132,3
260756,2019-02-25T22:40:43.820,23821,21387,1
260761,2019-02-25T23:01:39.250,23821,548,1
260762,2019-02-25T23:02:56.397,23821,548,3
260785,2019-02-26T15:46:02.470,12287,8933,1
260926,2019-02-27T23:25:26.243,23843,23847,1
260946,2019-02-28T03:51:34.070,23852,21171,1
261001,2019-02-28T17:58:06.457,23847,23843,1
261177,2019-03-03T17:56:34.817,23886,22857,1
261359,2019-03-06T17:47:08.127,23908,16504,1
261420,2019-03-07T21:58:15.090,23915,4539,1
261432,2019-03-08T07:28:19.827,23915,4539,3
261439,2019-03-08T13:51:13.947,23841,21792,1
261522,2019-03-09T22:27:11.930,23924,23119,1
261524,2019-03-10T00:19:28.347,23925,6188,1
261525,2019-03-10T00:19:28.347,23925,19760,1
261551,2019-03-10T13:03:25.437,23924,23119,3
261597,2019-03-11T22:49:18.503,23931,4434,1
261598,2019-03-11T22:49:18.503,23931,6035,1
261610,2019-03-12T15:08:39.823,23931,4434,3
261611,2019-03-12T15:48:34.773,23931,23585,1
261657,2019-03-14T03:19:16.880,23937,4414,1
261663,2019-03-14T10:26:11.707,23937,4414,3
261714,2019-03-15T03:19:45.933,23942,12382,1
261736,2019-03-15T11:27:14.050,23943,23599,1
261737,2019-03-15T11:27:14.050,23943,23645,1
262414,2019-03-17T18:48:37.450,23972,13904,1
262415,2019-03-17T18:48:37.450,23972,9638,1
262454,2019-03-18T14:47:51.380,23943,1103,1
262475,2019-03-18T23:01:30.907,23943,1103,3
262606,2019-03-20T10:43:12.657,23989,19965,1
263164,2019-03-23T23:21:48.060,24021,11163,1
263186,2019-03-24T05:31:35.307,24021,11163,3
263229,2019-03-24T14:07:39.433,24025,181,1
263230,2019-03-24T14:22:15.387,24028,23889,1
263231,2019-03-24T14:22:15.387,24028,1003,1
263252,2019-03-24T16:38:54.233,24025,181,3
263464,2019-03-26T20:35:13.483,24045,15860,1
263511,2019-03-27T10:22:22.280,23539,23538,1
263744,2019-03-29T14:54:10.667,24061,24033,1
263782,2019-03-29T20:46:56.177,24062,5945,1
263783,2019-03-29T20:46:56.177,24062,6155,1
263842,2019-03-29T23:37:08.117,5579,2204,1
263911,2019-03-30T14:51:55.603,24070,2038,1
264023,2019-03-31T20:53:20.783,24088,4128,1
264052,2019-04-01T08:35:36.520,5579,2204,3
264053,2019-04-01T08:37:14.517,24070,2038,3
264189,2019-04-02T15:54:16.567,7612,23684,1
264190,2019-04-02T15:54:16.567,7612,19645,1
264191,2019-04-02T15:54:16.567,7612,19734,1
264987,2019-04-08T08:32:42.800,8789,4963,1
265013,2019-04-08T09:48:59.893,24141,18162,1
265014,2019-04-08T09:48:59.893,24141,19504,1
265015,2019-04-08T09:48:59.893,24141,23585,1
265090,2019-04-08T20:05:36.940,24141,23064,1
265377,2019-04-11T10:37:19.320,22842,24166,1
265440,2019-04-11T19:32:12.527,24182,9446,1
265595,2019-04-12T19:46:42.677,8933,23837,1
265758,2019-04-14T20:40:19.407,24215,811,1
265759,2019-04-14T20:45:03.747,24215,19695,1
265760,2019-04-14T20:45:03.747,24215,23871,1
265761,2019-04-14T20:52:05.303,24213,23585,1
265763,2019-04-14T21:05:35.683,24215,811,3
265810,2019-04-15T06:50:07.720,24219,16310,1
265815,2019-04-15T08:44:33.853,24219,16310,3
266146,2019-04-18T13:32:57.670,24245,24166,1
266233,2019-04-19T07:19:54.740,8201,18083,1
266367,2019-04-20T13:47:59.953,24264,24245,1
266541,2019-04-22T09:50:40.293,24285,22292,1
266592,2019-04-22T20:54:30.713,24290,2348,1
266603,2019-04-22T20:55:49.033,24290,2348,3
266623,2019-04-23T01:03:05.587,24293,12974,1
268023,2019-04-27T15:56:42.627,24327,4434,1
268024,2019-04-27T16:18:32.653,24327,4434,3
268026,2019-04-27T18:00:16.743,19003,21492,1
268297,2019-05-02T11:27:18.780,24359,5592,1
268299,2019-05-02T12:43:07.907,24359,8331,1
268370,2019-05-03T15:16:16.073,24369,2409,1
268372,2019-05-03T15:57:15.110,24369,2409,3
268399,2019-05-04T15:37:40.303,24378,18313,1
268443,2019-05-06T02:39:13.740,24368,5326,1
268444,2019-05-06T02:39:13.740,24368,11008,1
268506,2019-05-06T18:03:05.040,24399,19653,1
268562,2019-05-07T12:38:32.477,24399,19653,3
268684,2019-05-10T07:15:02.423,24425,9825,1
268770,2019-05-13T02:21:57.097,24448,21570,1
268813,2019-05-13T10:35:05.553,23775,19003,1
268856,2019-05-14T02:07:59.840,24462,17426,1
269501,2019-05-14T20:19:34.923,24469,18182,1
269502,2019-05-14T20:19:34.923,24469,15723,1
269623,2019-05-15T15:31:11.367,24488,19353,1
269630,2019-05-15T18:26:37.037,24488,19353,3
269694,2019-05-16T14:12:19.677,24493,23549,1
269805,2019-05-17T18:26:51.890,24510,18162,1
269844,2019-05-18T08:52:12.277,24507,23734,1
270354,2019-05-21T14:40:56.710,24541,20022,1
270355,2019-05-21T14:41:18.220,24541,2641,1
270373,2019-05-21T16:23:39.940,24541,2641,3
270426,2019-05-21T19:48:52.667,24544,13952,1
270577,2019-05-22T17:04:01.633,24543,6046,1
270635,2019-05-22T22:40:43.197,24551,15135,1
270859,2019-05-24T21:14:25.613,24569,75,1
271144,2019-05-26T16:49:59.217,24580,5208,1
271225,2019-05-27T06:26:38.917,9071,4479,3
271403,2019-05-28T09:53:17.227,19656,19892,1
271404,2019-05-28T09:53:17.227,19656,23684,1
271405,2019-05-28T09:53:17.227,19656,23892,1
271766,2019-05-30T20:54:14.323,24607,23734,1
272618,2019-06-03T05:03:06.133,24639,5287,1
272666,2019-06-03T12:28:58.263,24638,1348,1
273375,2019-06-07T01:41:30.583,24646,19163,1
274049,2019-06-11T13:48:27.743,24702,24356,1
274542,2019-06-15T19:21:03.103,24716,14216,1
275787,2019-06-26T04:41:13.530,24787,15563,1
275820,2019-06-26T12:13:52.130,24784,24759,1
275821,2019-06-26T12:32:07.190,24784,1611,1
275864,2019-06-26T21:34:07.980,24796,5022,1
276007,2019-06-28T17:55:30.037,24809,5662,1
276018,2019-06-28T18:10:07.703,24809,23871,3
276019,2019-06-28T18:12:46.680,24808,23480,1
276195,2019-07-02T09:46:26.170,24836,9470,1
276572,2019-07-10T20:19:19.310,24882,2641,1
277473,2019-07-13T16:14:25.193,24887,9592,1
277534,2019-07-14T02:43:12.717,24888,4490,1
277882,2019-07-17T13:57:16.523,24909,12403,1
277885,2019-07-17T14:17:28.093,24909,12403,3
277896,2019-07-17T15:34:33.703,24894,14145,1
278576,2019-07-20T11:39:09.787,24917,6282,1
278677,2019-07-20T22:57:02.690,24931,6048,1
280008,2019-07-29T16:28:37.723,25008,17014,1
280452,2019-07-30T14:41:42.037,25019,19734,1
281551,2019-08-01T10:57:59.203,25039,1702,1
282288,2019-08-01T13:31:41.530,25040,5969,1
282581,2019-08-02T00:18:53.997,25043,1482,1
283577,2019-08-03T17:51:07.463,25053,13627,1
283594,2019-08-03T19:05:48.553,25053,13627,3
283772,2019-08-04T21:39:02.543,25068,19460,1
283813,2019-08-05T01:15:39.563,25068,19460,3
283875,2019-08-05T09:02:29.840,25071,80,1
283882,2019-08-05T10:05:39.273,25071,80,3
283904,2019-08-05T12:11:40.613,24712,1494,1
283924,2019-08-05T13:48:03.693,25062,6048,1
284239,2019-08-07T09:50:42.923,15210,18064,1
284247,2019-08-07T11:54:39.010,25090,15723,1
284460,2019-08-08T17:36:51.447,25100,22954,1
284477,2019-08-08T20:12:46.960,25093,1063,1
284619,2019-08-09T20:48:33.747,25106,24359,1
284921,2019-08-12T12:28:04.443,239,24392,1
284943,2019-08-12T17:45:36.237,25126,17617,1
284975,2019-08-13T04:38:29.783,25126,15311,1
285819,2019-08-21T04:20:02.887,25182,13447,1
285842,2019-08-21T06:45:55.193,25186,13320,3
285853,2019-08-21T10:09:50.430,25188,4961,3
286045,2019-08-23T12:56:34.743,25194,21723,1
286296,2019-08-25T10:52:04.937,25218,2008,1
286367,2019-08-26T07:10:16.973,25226,25194,1
286383,2019-08-26T09:26:15.553,25222,14012,1
286598,2019-08-29T16:49:52.857,22827,7962,1
286622,2019-08-30T08:18:08.490,25262,2478,1
286685,2019-08-31T01:48:00.047,25270,23671,1
286688,2019-08-31T05:42:45.980,25270,17712,1
286690,2019-08-31T06:59:48.210,25270,2409,3
286691,2019-08-31T07:00:26.693,25270,2409,1
286733,2019-09-01T01:51:40.473,25278,19482,1
286863,2019-09-03T19:32:00.373,25298,25113,1
286889,2019-09-04T18:48:10.407,25309,24336,1
286962,2019-09-06T13:06:02.527,25309,23997,1
287079,2019-09-09T16:50:45.930,13322,21212,1
288854,2019-09-14T18:46:20.597,26386,181,1
288855,2019-09-14T18:47:26.280,26386,22701,1
288856,2019-09-14T18:48:05.213,26386,19972,1
288862,2019-09-14T20:05:57.377,26386,181,3
289473,2019-09-18T11:32:47.683,17712,23671,1
289474,2019-09-18T11:43:50.693,25355,20022,1
289925,2019-09-21T21:58:11.610,26421,26420,1
289928,2019-09-21T22:20:24.300,26421,26420,3
290420,2019-09-25T15:03:40.687,8315,2348,3
290520,2019-09-26T10:08:50.093,26460,23916,1
290678,2019-09-28T18:25:21.577,26475,758,1
290687,2019-09-28T19:03:14.330,26475,758,3
290836,2019-09-30T12:01:21.023,26485,22910,1
290855,2019-09-30T13:20:05.657,26485,25113,1
291140,2019-10-02T07:51:09.843,26419,26501,1
291458,2019-10-04T09:35:58.943,19424,16521,1
291873,2019-10-08T03:37:08.337,26556,26489,1
292008,2019-10-09T01:18:05.663,26570,18064,1
292037,2019-10-09T07:56:17.523,26570,18064,3
292370,2019-10-11T20:26:00.680,23863,18258,1
292383,2019-10-11T21:54:58.587,23863,18258,3
292438,2019-10-12T10:52:01.543,26611,26359,1
292439,2019-10-12T10:52:01.543,26611,25100,1
292599,2019-10-14T08:45:43.740,26623,23684,1
293163,2019-10-20T18:27:27.323,26688,822,1
293498,2019-10-24T10:35:20.697,20074,13620,1
293594,2019-10-26T00:56:43.040,26739,730,1
294225,2019-11-05T14:44:40.340,26832,14942,3
294414,2019-11-09T15:59:16.000,26856,26825,1
295184,2019-11-10T23:43:34.943,26888,6147,1
295241,2019-11-11T11:53:33.993,26896,21620,3
295720,2019-11-15T12:38:29.167,26933,18945,1
298047,2019-11-21T07:47:05.437,26990,21786,1
298903,2019-11-25T19:42:27.857,24848,26983,1
299004,2019-11-26T11:41:38.123,27057,26906,1
299268,2019-11-28T08:44:03.793,27092,19973,1
299301,2019-11-28T12:12:58.507,27097,12403,1
299336,2019-11-28T15:29:02.597,27046,5056,1
299337,2019-11-28T15:29:02.597,27046,23734,1
299451,2019-11-29T07:56:37.000,27092,15146,1
299455,2019-11-29T09:16:00.160,27092,23539,1
299778,2019-11-30T15:13:16.413,27122,22203,1
300146,2019-12-02T20:38:53.340,27157,8095,1
300147,2019-12-02T20:38:53.340,27157,5208,1
300148,2019-12-02T20:38:53.340,27157,1846,1
301778,2019-12-12T01:47:28.113,27301,13178,1
301780,2019-12-12T01:53:24.527,27301,21723,1
302189,2019-12-13T20:53:54.807,27329,12347,1
302217,2019-12-13T21:49:04.150,27328,19734,1
302449,2019-12-15T14:56:49.210,27375,9171,1
302450,2019-12-15T15:03:07.303,27375,9171,3
302923,2019-12-18T16:48:35.847,27443,22257,1
302970,2019-12-18T22:47:39.027,27449,27231,1
303041,2019-12-19T21:10:14.550,27449,23892,1
303042,2019-12-19T21:10:14.550,27449,23857,1
303301,2019-12-21T19:07:27.013,27497,27122,1
303302,2019-12-21T19:08:47.693,27497,26825,1
303603,2019-12-24T12:33:43.550,27539,1263,1
303604,2019-12-24T12:33:43.550,27539,15741,1
303741,2019-12-25T21:42:07.550,27567,27524,1
303806,2019-12-26T15:18:00.257,27588,27567,1
303888,2019-12-27T11:47:55.583,27579,18893,1
304252,2019-12-30T22:52:36.017,27695,6442,1
304397,2019-12-31T23:23:48.367,27739,22555,3
304407,2020-01-01T04:04:10.983,7955,13120,1
304495,2020-01-01T22:29:22.400,27762,27677,1
304521,2020-01-02T08:13:23.123,27756,19553,1
304555,2020-01-02T13:23:30.773,27774,25100,1
304556,2020-01-02T13:48:10.400,27774,25100,3
304628,2020-01-02T22:51:17.977,27773,27215,1
304629,2020-01-02T22:59:48.300,27792,17012,1
304635,2020-01-03T00:09:11.397,27792,13447,1
304678,2020-01-03T16:33:36.837,27792,17069,1
304710,2020-01-03T22:46:27.417,27810,2364,1
304733,2020-01-04T09:58:51.880,27815,17102,1
304954,2020-01-07T10:16:50.433,27860,26807,1
304955,2020-01-07T10:44:27.487,27860,26807,3
304975,2020-01-07T20:22:47.720,26807,27860,1
304976,2020-01-08T00:39:34.127,27618,4490,1
305000,2020-01-08T14:39:29.687,27878,23684,1
305661,2020-01-09T15:53:56.143,27897,22621,1
305662,2020-01-09T15:53:56.143,27897,4434,1
305808,2020-01-10T18:54:11.557,27915,27231,3
305809,2020-01-10T18:54:11.557,27915,14720,3
305821,2020-01-10T20:16:22.743,27915,14720,1
306185,2020-01-13T20:01:12.023,27961,26623,1
306781,2020-01-15T18:38:09.653,27977,13391,1
306785,2020-01-15T19:22:20.710,27977,13391,3
306813,2020-01-15T22:54:03.283,27986,25100,1
306964,2020-01-16T17:16:05.467,27986,21570,1
306986,2020-01-16T19:25:15.767,28003,573,1
307626,2020-01-20T12:09:10.077,28056,24754,1
307637,2020-01-20T13:52:24.717,28056,23181,1
307833,2020-01-21T10:00:38.197,28067,27986,1
307903,2020-01-21T17:12:56.057,28084,6468,1
307918,2020-01-21T17:51:28.330,28084,6468,3
308041,2020-01-22T12:01:49.117,28096,24917,1
308168,2020-01-22T23:12:57.633,24273,27449,1
308490,2020-01-24T08:50:30.763,28144,22102,1
308509,2020-01-24T11:03:18.490,28144,22102,3
308821,2020-01-26T19:40:37.170,28169,27231,1
308974,2020-01-27T10:35:40.227,28193,27945,1
309040,2020-01-27T19:48:06.880,28193,28194,1
309085,2020-01-28T00:06:00.610,2584,26509,1
309090,2020-01-28T00:15:48.883,2584,19482,1
309357,2020-01-28T17:08:53.790,28214,15624,1
309693,2020-01-30T18:07:31.973,28243,2492,1
309698,2020-01-30T18:28:33.843,28243,2492,3
309771,2020-01-31T04:13:56.510,28246,28192,1
309887,2020-01-31T15:39:32.973,28246,28229,1
310109,2020-02-01T15:33:25.263,28262,22971,1
310556,2020-02-03T13:03:10.440,28298,28281,1
310563,2020-02-03T15:22:59.147,22305,181,1
310642,2020-02-04T00:54:06.817,28297,1346,1
310643,2020-02-04T00:55:43.620,1346,28297,1
310805,2020-02-04T19:24:28.223,14473,8755,1
311467,2020-02-07T16:12:24.307,28353,5820,1
311622,2020-02-08T20:04:52.443,28365,22921,1
311767,2020-02-09T18:01:39.530,28378,27945,1
311829,2020-02-09T21:55:41.887,28390,28342,1
311919,2020-02-10T12:36:09.837,28394,2348,1
311930,2020-02-10T14:06:09.863,28394,2348,3
312046,2020-02-11T10:31:16.397,28413,28248,1
312226,2020-02-11T21:17:30.640,28423,28248,1
312278,2020-02-12T00:15:27.420,28425,28403,1
312374,2020-02-12T16:46:06.243,28434,27945,1
312420,2020-02-12T22:37:22.053,28403,5112,1
312653,2020-02-14T07:43:08.570,28451,22971,1
312668,2020-02-14T10:14:29.430,28451,22971,3
312669,2020-02-14T10:46:46.307,28452,22971,1
313070,2020-02-17T16:51:17.193,28496,27979,1
313187,2020-02-18T09:21:40.497,28502,24166,1
313318,2020-02-19T03:42:13.050,28531,8667,1
313461,2020-02-20T04:08:06.230,28551,28541,1
313496,2020-02-20T08:40:12.533,28553,2204,1
313505,2020-02-20T10:08:55.633,28553,2204,3
313553,2020-02-20T14:44:49.310,1251,20022,1
313554,2020-02-20T14:44:49.310,1251,27979,1
313567,2020-02-20T15:48:52.373,28537,6061,1
313644,2020-02-21T03:18:31.543,28577,16262,1
313752,2020-02-21T21:22:38.467,28591,19360,1
313770,2020-02-21T21:53:42.407,28593,28541,1
313888,2020-02-23T00:00:54.073,28616,28605,1
313981,2020-02-24T01:14:33.857,28624,181,1
314019,2020-02-24T08:28:51.270,9171,4961,1
314020,2020-02-24T10:27:44.597,28624,181,3
314021,2020-02-24T10:30:20.907,9171,4961,3
314088,2020-02-25T00:38:05.107,28648,24851,1
314138,2020-02-25T02:57:31.900,28636,28634,1
314201,2020-02-26T04:27:12.747,21261,4596,3
314320,2020-02-27T16:36:04.353,28689,28563,1
314329,2020-02-27T23:29:24.663,28693,2529,1
314413,2020-02-29T01:47:39.007,28704,27979,1
314422,2020-02-29T08:31:36.970,28704,27979,3
314698,2020-03-03T09:04:19.520,28736,811,1
314699,2020-03-03T09:05:22.717,28736,811,3
314782,2020-03-03T19:22:30.160,12587,4422,1
314816,2020-03-03T20:15:31.093,28743,15723,1
314818,2020-03-03T20:22:38.537,28744,27945,1
314829,2020-03-03T21:32:36.897,12587,4422,3
314850,2020-03-04T12:41:26.983,28744,19180,1
314851,2020-03-04T12:41:26.983,28744,15741,1
314852,2020-03-04T12:41:26.983,28744,12740,1
314853,2020-03-04T12:41:26.983,28744,16565,1
314854,2020-03-04T12:41:26.983,28744,25051,1
314855,2020-03-04T12:41:26.983,28744,22621,1
314877,2020-03-04T16:29:25.877,28752,24273,1
314989,2020-03-05T02:32:02.473,28752,18023,1
315022,2020-03-05T10:17:43.217,28766,769,1
315023,2020-03-05T10:17:43.217,28766,1702,1
315024,2020-03-05T10:17:43.217,28766,8957,1
315025,2020-03-05T10:17:43.217,28766,7728,1
315026,2020-03-05T10:17:43.217,28766,5969,1
315027,2020-03-05T10:17:43.217,28766,758,1
315028,2020-03-05T10:17:43.217,28766,1884,1
315029,2020-03-05T10:17:43.217,28766,20022,1
315074,2020-03-06T05:10:55.893,28776,80,1
315087,2020-03-06T07:20:10.573,28776,80,3
315224,2020-03-07T03:24:38.187,28784,21489,1
315392,2020-03-08T15:37:39.150,28798,18810,1
315483,2020-03-09T09:46:55.150,28797,26933,1
316249,2020-03-09T21:16:28.913,28817,28797,1
316819,2020-03-13T06:50:26.897,28846,28845,1
317586,2020-03-15T18:30:00.687,28892,27301,1
317591,2020-03-15T19:18:43.363,28892,27301,3
317638,2020-03-16T06:09:37.453,28894,21723,1
318019,2020-03-18T12:17:33.217,28856,24378,1
318117,2020-03-18T21:15:31.167,28919,21212,1
318232,2020-03-19T11:16:11.577,28925,28906,1
318289,2020-03-19T17:33:11.253,28929,1609,1
318584,2020-03-20T19:30:48.480,14170,4531,1
318676,2020-03-21T01:40:20.120,28953,548,1
318750,2020-03-21T14:51:27.070,28950,690,1
318794,2020-03-21T17:42:43.623,28969,27945,1
319437,2020-03-24T22:57:36.953,29014,1003,1
319438,2020-03-24T22:57:36.953,29014,23459,1
319439,2020-03-24T22:57:36.953,29014,23837,1
319440,2020-03-24T22:57:36.953,29014,8933,1
319674,2020-03-26T15:49:08.063,29034,28906,1
321220,2020-03-29T22:50:34.903,29067,27756,1
321420,2020-03-31T00:04:55.263,29080,29067,1
321672,2020-03-31T22:29:37.137,28894,8664,1
321683,2020-04-01T00:02:55.047,8220,28901,1
321878,2020-04-01T22:00:26.657,29071,27945,1
322330,2020-04-04T14:53:37.713,29113,28152,1
322914,2020-04-05T22:27:32.023,29110,24608,1
323143,2020-04-07T01:43:35.067,29130,28795,1
323165,2020-04-07T08:13:18.307,29130,28795,3
324059,2020-04-12T11:49:20.663,29189,4136,1
324237,2020-04-13T09:49:32.723,29203,16167,1
324739,2020-04-16T18:20:15.727,29227,1412,1
324750,2020-04-16T20:22:22.227,4963,8789,1
324960,2020-04-18T13:36:13.040,29238,21492,1
324967,2020-04-18T15:09:14.227,29238,21492,3
324980,2020-04-18T18:08:56.183,29243,29236,1
324991,2020-04-18T18:16:59.250,29243,26510,1
325381,2020-04-21T04:45:55.097,29257,5384,1
325425,2020-04-21T15:24:22.693,29274,17388,1
325555,2020-04-22T10:44:31.000,29287,29250,1
325694,2020-04-23T16:16:40.537,29296,24359,1
325924,2020-04-25T10:02:11.873,29306,27130,1
325998,2020-04-26T12:15:46.737,29316,9003,1
325999,2020-04-26T12:15:46.737,29316,28225,1
326000,2020-04-26T12:15:46.737,29316,12220,1
326001,2020-04-26T12:15:46.737,29316,18601,1
326002,2020-04-26T12:15:46.737,29316,1720,1
326666,2020-05-01T22:43:35.663,29402,24897,1
326927,2020-05-04T06:12:49.240,21643,26469,1
326954,2020-05-04T17:05:49.933,29425,21334,1
326991,2020-05-05T03:30:29.577,29425,29397,1
327036,2020-05-05T15:53:15.997,29425,16012,1
327143,2020-05-06T06:35:28.393,29442,14930,1
327152,2020-05-06T12:54:55.717,29445,29402,1
327163,2020-05-06T13:42:59.357,29430,24848,1
327199,2020-05-06T22:21:58.770,29454,29442,1
327200,2020-05-06T22:21:58.770,29454,14930,1
327241,2020-05-07T10:26:48.937,29456,14021,1
327288,2020-05-07T15:30:52.333,29464,29430,1
327372,2020-05-07T20:20:24.203,29470,5363,1
328672,2020-05-10T05:18:45.907,29500,24767,1
328725,2020-05-10T10:49:02.207,29518,22328,1
328748,2020-05-10T13:29:55.713,29522,29518,1
328794,2020-05-10T17:54:05.593,29500,24767,3
330806,2020-05-14T09:59:18.407,29561,9237,1
330807,2020-05-14T09:59:18.407,29561,9573,1
331444,2020-05-16T23:36:01.040,29586,883,3
331618,2020-05-17T18:15:21.170,29601,9838,3
331834,2020-05-18T15:52:28.780,24138,8982,1
332090,2020-05-19T22:49:30.213,29633,21489,1
332209,2020-05-20T14:23:01.970,29628,26828,1
332235,2020-05-20T17:59:26.307,21489,29633,1
332620,2020-05-22T02:11:53.673,29661,28797,1
332882,2020-05-23T13:35:00.750,29675,2310,1
332926,2020-05-23T19:43:06.790,29679,9331,1
332952,2020-05-23T20:10:17.527,29680,5056,1
333251,2020-05-25T14:29:42.620,29701,23805,1
333420,2020-05-26T15:39:15.027,29716,6297,1
333834,2020-05-28T09:46:06.267,29739,29701,1
333845,2020-05-28T10:08:12.273,29701,29739,1
334981,2020-06-01T19:41:00.887,14195,2539,3
334982,2020-06-01T19:41:25.597,11048,2539,3
335106,2020-06-02T16:06:39.197,29832,27994,1
335150,2020-06-02T18:34:52.070,29832,27994,3
335835,2020-06-05T10:31:58.060,29877,8323,1
335963,2020-06-05T20:05:07.600,29866,23557,1
335964,2020-06-05T20:07:07.927,29866,1864,1
335972,2020-06-05T21:37:59.023,29866,23557,3
336046,2020-06-06T11:29:29.620,29888,23028,1
336047,2020-06-06T11:33:08.910,29888,23028,3
336068,2020-06-06T15:29:39.853,29888,18418,1
336181,2020-06-07T12:07:41.037,29896,1895,3
336308,2020-06-08T11:24:56.103,29908,1112,1
336701,2020-06-11T03:44:38.120,29942,27912,1
336729,2020-06-11T08:10:41.790,29942,27912,3
336990,2020-06-12T20:30:04.433,29957,26828,1
336996,2020-06-12T21:59:35.387,29979,29846,1
337613,2020-06-17T08:53:59.630,30036,19132,1
337616,2020-06-17T10:01:46.900,30036,19132,3
337801,2020-06-18T13:08:44.403,30050,12678,3
337897,2020-06-19T08:29:15.477,30057,13332,1
338068,2020-06-20T16:52:58.300,25333,17426,1
338364,2020-06-23T11:37:51.873,30110,8982,1
338428,2020-06-23T20:53:42.900,30117,17654,1
338475,2020-06-24T11:55:51.063,30121,4434,3
338547,2020-06-25T01:03:20.820,30126,8424,1
338606,2020-06-25T18:14:50.460,30140,12678,3
338627,2020-06-25T21:08:23.030,30146,28281,1
338721,2020-06-26T18:07:01.750,30155,29962,1
338875,2020-06-29T03:15:21.083,30181,1634,1
338886,2020-06-29T03:27:34.823,1634,30181,1
338915,2020-06-29T08:50:00.870,30191,23734,1
338995,2020-06-30T05:39:49.613,30196,29189,1
339156,2020-07-02T07:39:20.193,30223,8982,1
339222,2020-07-02T22:42:58.053,30226,619,1
339265,2020-07-03T06:48:14.590,30230,19791,1
339267,2020-07-03T07:04:06.077,30230,19791,3
339268,2020-07-03T08:08:14.143,30226,29744,1
339283,2020-07-03T13:18:03.360,30234,2641,3
339317,2020-07-03T21:20:02.547,30243,30227,1
339338,2020-07-03T22:43:45.297,30227,30243,1
339557,2020-07-06T04:45:28.093,30282,30272,1
340438,2020-07-08T20:57:30.170,30309,26564,1
340451,2020-07-08T21:35:49.293,30302,30189,1
340452,2020-07-08T21:37:57.260,30309,26564,3
340603,2020-07-10T08:29:04.603,30295,29834,1
340622,2020-07-10T12:01:53.200,30330,7886,3
341225,2020-07-13T02:13:15.377,30349,18699,1
341245,2020-07-13T09:35:29.813,30349,18699,3
341273,2020-07-13T15:34:37.353,30351,29402,1
341377,2020-07-14T05:16:20.743,30358,30344,1
341541,2020-07-15T04:14:30.750,27305,27259,1
341667,2020-07-15T18:22:51.220,30401,16349,1
341760,2020-07-16T06:25:29.707,30403,28445,1
341770,2020-07-16T09:23:12.713,30414,30337,1
341791,2020-07-16T10:36:26.780,30414,30337,3
342224,2020-07-19T04:29:54.610,30453,5022,1
342542,2020-07-21T08:29:11.103,30471,17879,1
342556,2020-07-21T09:15:13.793,30475,1103,1
342720,2020-07-22T06:59:04.977,17879,30471,1
342887,2020-07-23T10:32:06.753,30488,14924,3
343014,2020-07-24T05:54:01.177,12833,27464,1
343288,2020-07-26T11:56:15.707,30510,8249,1
343425,2020-07-26T17:38:00.053,30512,1030,1
343813,2020-07-29T06:42:01.957,30526,29834,1
343913,2020-07-29T17:43:59.890,30538,1030,1
345185,2020-07-31T09:32:12.753,31576,468,1
345186,2020-07-31T09:32:12.753,31576,29603,1
345187,2020-07-31T09:32:12.753,31576,8608,1
345188,2020-07-31T09:32:42.760,31576,468,3
345269,2020-07-31T21:03:58.780,31577,17825,1
345298,2020-08-01T06:26:25.847,31577,30391,1
346538,2020-08-07T03:13:21.800,31719,22407,1
346566,2020-08-07T07:24:34.110,31719,22407,3
346724,2020-08-11T09:01:36.787,30510,8249,3
346725,2020-08-11T17:45:53.773,31777,16721,1
346726,2020-08-11T18:11:03.923,31777,29304,1
346727,2020-08-18T17:04:10.253,31865,17088,1
346728,2020-08-18T17:10:12.277,31867,8317,1
346729,2020-08-18T23:24:48.293,24485,19207,1
346730,2020-08-22T12:54:31.183,31912,5281,3
346732,2020-08-22T15:49:05.213,31908,29834,1
346733,2020-08-22T22:04:01.780,31916,9485,1
346734,2020-08-23T12:02:22.903,30531,29186,1
346735,2020-08-24T13:41:07.170,31931,30531,1
346736,2020-08-25T13:48:29.517,31942,14612,1
346737,2020-08-25T13:48:29.517,31942,21627,1
346738,2020-08-27T23:08:39.060,31919,19882,1
346739,2020-08-29T08:16:21.343,32003,6272,1
346740,2020-08-29T12:58:39.043,32011,15674,1
346741,2020-08-29T13:02:50.617,32008,16326,1
346742,2020-08-29T19:29:27.873,32011,15674,3
346743,2020-08-29T19:31:05.473,32008,16326,3
346744,2020-08-29T20:05:43.080,24990,30431,1
346745,2020-08-30T00:39:15.490,31919,19882,3
346747,2020-08-31T15:28:32.930,32041,28304,1
346748,2020-08-31T16:02:22.923,32041,28304,3
346749,2020-09-01T04:55:13.907,32050,5615,1
346750,2020-09-01T07:18:29.763,32049,22407,1
346751,2020-09-01T07:52:18.290,32050,5615,3
346752,2020-09-03T07:52:45.283,31649,31937,3
349747,2020-09-03T13:27:12.277,32101,31931,1
350628,2020-09-04T14:02:51.063,32110,31754,1
351651,2020-09-05T23:26:35.973,32126,32103,1
351800,2020-09-06T18:06:29.497,32132,29103,1
354491,2020-09-11T11:06:52.857,32239,14114,1
354511,2020-09-11T11:21:52.617,14114,32239,1
355084,2020-09-13T10:11:59.607,32248,24922,1
355428,2020-09-14T08:12:55.893,32275,32276,3
357123,2020-09-20T11:28:01.860,32359,30358,1
357624,2020-09-23T06:59:09.493,31918,15833,1
357783,2020-09-24T03:48:31.330,32402,31840,1
359053,2020-09-29T05:57:35.280,32454,4467,1
359067,2020-09-29T07:29:28.150,32454,4467,3
359429,2020-09-30T15:16:25.457,32469,28874,1
359448,2020-09-30T16:54:20.073,32472,29748,3
359566,2020-10-01T09:19:04.640,32475,22024,1
360164,2020-10-04T09:59:30.060,32501,23836,1
360423,2020-10-05T19:23:12.560,32495,8592,1
360687,2020-10-07T11:14:15.077,32526,2515,1
360688,2020-10-07T11:22:09.960,32526,2515,3
360689,2020-10-07T18:07:52.837,29914,26856,1
360722,2020-10-08T01:00:18.797,32535,27215,1
360724,2020-10-08T07:11:03.657,32535,27215,3
360787,2020-10-08T20:30:36.717,32553,4776,3
360791,2020-10-09T06:36:05.647,32545,12229,1
360827,2020-10-10T16:36:35.517,32563,80,3
360935,2020-10-12T12:53:51.657,32577,8331,1
360997,2020-10-14T07:14:56.800,32585,4105,1
361000,2020-10-14T11:57:25.107,32585,5239,1
361104,2020-10-17T23:04:45.823,24939,523,1
361119,2020-10-18T23:48:38.477,32629,13522,1
361125,2020-10-19T08:01:58.090,32629,13522,3
361413,2020-10-25T04:35:42.000,28611,13698,1
361414,2020-10-25T04:35:42.000,28611,1366,1
361435,2020-10-25T17:17:18.587,32682,23887,3
361560,2020-10-27T05:23:59.200,32702,7821,1
361657,2020-10-27T17:48:26.777,32718,29043,1
361708,2020-10-28T10:47:51.247,32696,9312,1
364644,2020-11-04T19:01:59.300,32822,1172,1
364647,2020-11-04T19:34:43.337,32822,1181,1
364898,2020-11-06T18:56:15.010,32854,32843,1
365279,2020-11-10T20:30:32.677,32884,32840,1
365475,2020-11-14T03:42:36.410,32922,26807,1
365476,2020-11-14T03:42:36.410,32922,21212,1
365646,2020-11-17T05:16:37.227,32964,2348,1
365714,2020-11-17T15:50:33.943,32967,26798,1
365715,2020-11-17T22:17:55.260,32979,32845,1
365738,2020-11-18T00:55:45.113,32980,32872,1
365763,2020-11-18T07:23:25.123,32980,32872,3
365886,2020-11-20T17:54:24.823,33018,5945,1
365899,2020-11-21T01:20:10.103,33023,874,1
365927,2020-11-21T11:04:21.850,33008,32043,1
365938,2020-11-21T16:02:09.853,33028,29464,1
366088,2020-11-23T20:32:12.530,15100,32845,1
366089,2020-11-23T20:32:12.530,15100,33008,1
366090,2020-11-23T20:32:12.530,15100,32979,1
366299,2020-11-26T19:21:56.463,33112,33094,1
366300,2020-11-26T19:22:45.410,33112,1519,1
366354,2020-11-27T20:41:53.793,33122,1103,3
366579,2020-12-01T04:41:53.280,33168,33154,1
366653,2020-12-02T07:32:30.227,33158,4931,1
366654,2020-12-02T07:32:30.227,33158,59,1
366695,2020-12-02T18:48:50.503,33194,26505,1
366991,2020-12-06T12:54:39.167,21465,27075,1
367037,2020-12-06T19:13:55.717,33261,23585,1
367307,2020-12-12T18:38:27.303,33320,33316,1
367373,2020-12-13T09:42:22.670,33329,4830,1
367407,2020-12-13T19:45:19.213,33328,6261,1
367426,2020-12-13T23:56:13.913,32024,33116,1
367436,2020-12-14T06:44:25.087,5592,2506,1
367482,2020-12-14T18:19:07.177,33347,19936,1
367523,2020-12-15T16:39:13.420,33347,4123,1
367538,2020-12-15T18:34:37.473,33353,22725,1
367539,2020-12-15T18:54:54.440,33353,22725,3
367540,2020-12-16T04:28:50.510,33356,33345,1
367694,2020-12-17T16:02:22.823,33372,18258,1
367695,2020-12-17T16:02:22.823,33372,23863,1
367721,2020-12-18T03:37:20.167,32960,4385,1
367749,2020-12-18T08:49:54.050,32960,4385,3
367812,2020-12-20T10:38:55.743,33389,24263,3
367879,2020-12-21T07:05:37.427,33397,19163,1
368006,2020-12-23T00:08:45.630,33396,33412,1
368053,2020-12-23T15:10:54.980,33441,5860,1
368240,2020-12-25T19:57:59.080,33475,548,3
368290,2020-12-26T19:01:26.683,33484,1236,1
368422,2020-12-29T08:36:33.587,33512,2743,1
368432,2020-12-29T10:35:55.527,33512,2743,3
368495,2020-12-30T13:08:49.017,33395,4803,1
368737,2021-01-02T11:49:01.317,33580,6531,1
368738,2021-01-02T13:26:12.593,33580,8765,1
368786,2021-01-03T13:09:29.867,33590,17926,1
368787,2021-01-03T13:11:48.500,24462,17926,3
368807,2021-01-03T23:48:17.530,33557,1122,1
368833,2021-01-04T06:23:13.413,33606,5933,1
368834,2021-01-04T07:19:01.873,29164,14601,1
368839,2021-01-04T08:58:48.913,33560,24140,1
368840,2021-01-04T09:21:06.110,29164,14601,3
368877,2021-01-04T15:43:32.270,33616,23557,3
368916,2021-01-05T02:26:08.830,33620,27945,1
368973,2021-01-05T15:05:00.977,33617,4893,1
369301,2021-01-09T07:33:11.533,33707,33569,1
369316,2021-01-09T12:28:06.610,33700,9706,1
369317,2021-01-09T12:28:06.610,33700,18017,1
369318,2021-01-09T19:03:44.040,33713,2732,1
369356,2021-01-10T17:59:02.523,33719,4113,1
369357,2021-01-10T19:11:40.807,33719,4113,3
369419,2021-01-11T17:12:29.070,33730,28563,1
369457,2021-01-12T14:14:20.777,33738,21620,1
369458,2021-01-12T14:34:23.170,33738,21620,3
369619,2021-01-16T10:20:57.953,33777,21434,1
369659,2021-01-16T17:14:41.000,33388,33377,1
369714,2021-01-16T21:56:41.223,21334,19946,1
369715,2021-01-16T21:57:18.953,16349,19946,1
369716,2021-01-16T21:59:23.440,14387,19946,1
369717,2021-01-16T22:15:14.187,1844,19946,1
369719,2021-01-16T22:21:38.403,30178,22318,1
369720,2021-01-16T22:26:13.217,27840,19946,1
369755,2021-01-17T17:25:55.640,33796,15344,1
369766,2021-01-17T18:34:29.353,33796,15344,3
369822,2021-01-18T10:50:18.213,33799,19972,1
369851,2021-01-19T00:24:43.180,33812,5344,1
369852,2021-01-19T00:25:21.437,5344,33812,1
369862,2021-01-19T00:28:22.000,21434,33777,1
369863,2021-01-19T00:44:36.720,18996,5344,1
369864,2021-01-19T00:45:02.463,18996,33812,1
369926,2021-01-20T12:51:05.817,33831,14736,1
369957,2021-01-20T14:09:02.703,26797,21434,1
369977,2021-01-20T15:26:38.000,33769,32402,1
369983,2021-01-20T18:12:49.833,33836,12368,1
370002,2021-01-21T15:35:40.887,33769,8933,1
370029,2021-01-21T22:51:45.793,33842,4596,1
370040,2021-01-21T23:41:33.133,33842,4596,3
370192,2021-01-25T04:09:03.093,33871,29243,1
370193,2021-01-25T12:09:02.270,33853,29785,1
370324,2021-01-27T06:13:37.593,33904,24061,1
370325,2021-01-27T06:13:37.593,33904,24033,1
370340,2021-01-27T15:18:39.313,24140,33560,1
370341,2021-01-27T19:09:38.610,33904,9062,1
370352,2021-01-27T22:17:14.070,33911,12797,3
370417,2021-01-29T23:34:53.987,33927,75,3
370435,2021-01-30T10:57:17.160,33933,33915,1
370531,2021-01-31T23:25:21.537,33940,17106,1
370590,2021-02-01T20:46:50.893,33814,8719,1
370748,2021-02-04T02:45:20.977,33978,4886,1
387240,2021-02-06T22:32:06.507,34014,12316,3
387320,2021-02-07T18:39:36.293,34019,33836,3
387711,2021-02-10T22:32:06.677,34079,33320,1
387712,2021-02-10T22:35:05.873,34079,33320,3
387713,2021-02-10T23:45:53.893,34081,34068,1
387736,2021-02-11T01:58:25.903,34062,32270,1
387822,2021-02-11T18:00:39.710,34096,4128,1
387870,2021-02-12T03:30:21.890,34096,21171,1
387942,2021-02-13T12:28:59.770,34120,23671,1
387995,2021-02-13T16:00:08.213,34126,22087,1
388030,2021-02-13T17:56:04.777,34048,34055,1
388031,2021-02-13T17:56:04.777,34048,34038,1
388035,2021-02-13T23:42:31.857,8982,30223,1
388122,2021-02-15T01:42:04.587,34146,13407,1
388325,2021-02-17T15:44:00.410,34169,889,1
388350,2021-02-18T02:36:28.443,34168,2698,1
388410,2021-02-18T17:43:43.793,34191,9822,1
388439,2021-02-18T20:50:55.720,34198,18610,1
388613,2021-02-21T11:28:21.000,14736,33831,1
388641,2021-02-22T14:46:10.790,34245,29078,1
388642,2021-02-22T14:46:49.767,34245,2834,1
388756,2021-02-23T16:08:01.320,30344,17258,1
388802,2021-02-23T23:20:33.603,34276,28772,1
